last_name, first_name,year,player_age,b_ab,b_total_pa,b_total_hits,b_single,b_double,b_triple,b_home_run,b_strikeout,b_walk,b_k_percent,b_bb_percent,batting_avg,slg_percent,on_base_percent,on_base_plus_slg,xba,xslg,woba,xwoba,xobp,xiso,exit_velocity_avg,launch_angle_avg,sweet_spot_percent,barrel_batted_rate
Beltran, Carlos,2017,40,467,509,108,65,29,0,14,102,33,20,6.5,0.231,0.383,0.283,0.666,0.236,0.379,0.283,0.293,0.291,0.143,87.3,13.4,29.1,4.6
Pujols, Albert,2017,37,593,636,143,103,17,0,23,93,37,14.6,5.8,0.241,0.386,0.286,0.672,0.261,0.451,0.286,0.322,0.305,0.19,88.7,13.4,31.5,5.4
Mauer, Joe,2017,34,525,597,160,116,36,1,7,83,66,13.9,11.1,0.305,0.417,0.384,0.801,0.313,0.483,0.349,0.379,0.391,0.17,90.6,6.2,35.7,4.5
Cabrera, Miguel,2017,34,469,529,117,79,22,0,16,110,54,20.8,10.2,0.249,0.399,0.329,0.728,0.284,0.531,0.313,0.377,0.361,0.247,91.3,12.5,41.7,10.5
Phillips, Brandon,2017,36,572,604,163,115,34,1,13,73,21,12.1,3.5,0.285,0.416,0.318,0.734,0.272,0.388,0.316,0.307,0.308,0.115,84.7,8.3,31.3,2.4
Reyes, Jose,2017,34,501,561,123,76,25,7,15,79,50,14.1,8.9,0.246,0.413,0.312,0.725,0.24,0.353,0.312,0.295,0.311,0.113,84.3,15.7,32.6,2.6
Choo, Shin-Soo,2017,35,544,636,142,99,20,1,22,134,77,21.1,12.1,0.261,0.423,0.355,0.778,0.274,0.483,0.339,0.373,0.372,0.209,88.7,7.9,35.9,8.6
Molina, Yadier,2017,35,501,543,137,91,27,1,18,74,28,13.6,5.2,0.273,0.439,0.311,0.75,0.274,0.472,0.316,0.338,0.317,0.198,87.9,14.8,35.5,5.9
Cano, Robinson,2017,35,592,648,166,110,33,0,23,85,49,13.1,7.6,0.28,0.453,0.338,0.791,0.298,0.495,0.334,0.363,0.355,0.197,90.3,7.4,33.7,6.1
Encarnacion, Edwin,2017,34,554,669,143,84,20,1,38,133,104,19.9,15.5,0.258,0.504,0.377,0.88,0.27,0.534,0.373,0.395,0.39,0.264,89.2,16.6,35.9,10.3
Bautista, Jose,2017,37,587,686,119,69,27,0,23,170,84,24.8,12.2,0.203,0.366,0.308,0.674,0.209,0.383,0.295,0.308,0.316,0.174,88.4,16.9,29.2,6.6
Jones, Adam,2017,32,597,635,170,115,28,1,26,113,27,17.8,4.3,0.285,0.466,0.321,0.787,0.265,0.444,0.334,0.324,0.304,0.179,86.8,11.9,33.4,6.4
Granderson, Curtis,2017,36,449,527,95,42,24,3,26,123,71,23.3,13.5,0.212,0.452,0.323,0.775,0.229,0.464,0.33,0.348,0.34,0.236,87.7,20,33.1,10.9
Ramirez, Hanley,2017,34,496,553,120,73,24,0,23,116,51,21,9.2,0.242,0.429,0.32,0.75,0.266,0.486,0.318,0.352,0.342,0.221,88.4,12.6,35.3,9.5
Morales, Kendrys,2017,34,557,608,139,86,25,0,28,132,43,21.7,7.1,0.25,0.445,0.308,0.753,0.27,0.513,0.32,0.356,0.328,0.243,91.2,9.6,30.6,9.8
Kinsler, Ian,2017,35,551,613,130,80,25,3,22,86,55,14,9,0.236,0.412,0.313,0.725,0.259,0.438,0.313,0.335,0.335,0.179,86.3,19.5,37,4.9
Cruz, Nelson,2017,37,556,645,160,93,28,0,39,140,70,21.7,10.9,0.288,0.549,0.375,0.924,0.288,0.594,0.385,0.407,0.378,0.305,93.2,12.4,34.5,14.2
Trumbo, Mark,2017,31,559,603,131,86,22,0,23,149,42,24.7,7,0.234,0.397,0.289,0.686,0.236,0.394,0.295,0.3,0.291,0.158,89.6,12.5,26.3,6.8
Peralta, David,2017,30,525,577,154,106,31,3,14,94,43,16.3,7.5,0.293,0.444,0.352,0.796,0.265,0.403,0.342,0.321,0.327,0.139,88.1,4.2,27,4.1
Escobar, Alcides,2017,31,599,629,150,103,36,5,6,102,15,16.2,2.4,0.25,0.357,0.269,0.626,0.254,0.362,0.269,0.279,0.277,0.108,84.1,13.8,33.3,2.2
Longoria, Evan,2017,32,613,677,160,102,36,2,20,109,46,16.1,6.8,0.261,0.424,0.313,0.737,0.255,0.422,0.313,0.32,0.312,0.167,86.7,12.8,32.2,5.2
Cozart, Zack,2017,32,438,507,130,75,24,7,24,78,62,15.4,12.2,0.297,0.548,0.385,0.933,0.258,0.408,0.392,0.337,0.352,0.15,85.8,14.8,35.7,4.4
Reynolds, Mark,2017,34,520,593,139,86,22,1,30,175,69,29.5,11.6,0.267,0.487,0.352,0.839,0.225,0.423,0.358,0.322,0.315,0.198,87.2,11.8,36.5,8.3
Davis, Chris,2017,31,456,524,98,56,15,1,26,195,61,37.2,11.6,0.215,0.423,0.309,0.732,0.222,0.451,0.312,0.332,0.319,0.229,90.1,14.8,39.6,12.8
Headley, Chase,2017,33,512,586,140,97,30,1,12,132,60,22.5,10.2,0.273,0.406,0.352,0.758,0.254,0.399,0.329,0.325,0.337,0.145,87.2,11.7,36.9,4.6
Pence, Hunter,2017,34,493,539,128,97,13,5,13,102,40,18.9,7.4,0.26,0.385,0.315,0.701,0.264,0.436,0.303,0.332,0.322,0.172,89,4.3,25.3,5.8
Span, Denard,2017,33,497,542,135,87,31,5,12,69,40,12.7,7.4,0.272,0.427,0.328,0.755,0.286,0.418,0.325,0.336,0.343,0.132,85.3,11,34.2,3.3
Cabrera, Asdrubal,2017,32,479,540,134,88,32,0,14,83,50,15.4,9.3,0.28,0.434,0.35,0.784,0.267,0.442,0.338,0.34,0.341,0.175,87.2,12,37.3,4.7
Blackmon, Charlie,2017,31,644,725,213,127,35,14,37,135,65,18.6,9,0.331,0.601,0.397,0.998,0.294,0.53,0.415,0.381,0.368,0.236,87.3,13.4,37.9,8.7
Frazier, Todd,2017,31,474,576,101,54,19,1,27,125,83,21.7,14.4,0.213,0.428,0.344,0.772,0.235,0.46,0.335,0.36,0.364,0.226,87.5,20.4,32.8,9.6
Markakis, Nick,2017,34,593,670,163,115,39,1,8,110,68,16.4,10.1,0.275,0.384,0.354,0.738,0.273,0.396,0.321,0.329,0.353,0.123,88.3,8.8,34,3.3
Cain, Lorenzo,2017,31,584,645,175,128,27,5,15,100,54,15.5,8.4,0.3,0.44,0.363,0.803,0.306,0.439,0.347,0.356,0.37,0.133,89.1,10.3,32.1,3.5
McCutchen, Andrew,2017,31,570,650,159,99,30,2,28,116,73,17.8,11.2,0.279,0.486,0.363,0.849,0.289,0.493,0.36,0.372,0.372,0.205,88.4,14.3,33.9,7.7
Upton, Justin,2017,30,557,635,152,73,44,0,35,180,74,28.3,11.7,0.273,0.54,0.361,0.901,0.253,0.504,0.378,0.361,0.343,0.251,88.7,15.7,35.7,13
Turner, Justin,2017,33,457,543,147,94,32,0,21,56,59,10.3,10.9,0.322,0.53,0.414,0.944,0.305,0.56,0.4,0.408,0.404,0.255,89.4,18.4,37.4,8.6
Posey, Buster,2017,30,494,568,158,112,34,0,12,66,61,11.6,10.7,0.32,0.462,0.4,0.861,0.279,0.45,0.366,0.351,0.366,0.171,88.7,11.5,36.5,3.5
Bruce, Jay,2017,30,555,617,141,74,29,2,36,139,57,22.5,9.2,0.254,0.508,0.324,0.832,0.263,0.508,0.35,0.36,0.334,0.245,88.4,18.3,39.4,10.5
Votto, Joey,2017,34,559,707,179,108,34,1,36,83,134,11.7,19,0.32,0.578,0.454,1.032,0.301,0.567,0.428,0.423,0.44,0.266,87.5,14,40,9.1
Gardner, Brett,2017,34,594,682,157,106,26,4,21,122,72,17.9,10.6,0.264,0.428,0.348,0.775,0.278,0.42,0.336,0.346,0.363,0.142,86.4,10.3,34.4,3.8
Joyce, Matt,2017,33,469,544,114,56,33,0,25,113,66,20.8,12.1,0.243,0.473,0.335,0.808,0.255,0.486,0.343,0.361,0.35,0.23,88.3,15.2,37.7,8.8
Gordon, Alex,2017,33,476,541,99,68,20,2,9,126,45,23.3,8.3,0.208,0.315,0.292,0.607,0.223,0.364,0.269,0.3,0.31,0.141,86.3,14.1,34.8,4.5
Andrus, Elvis,2017,29,643,689,191,123,44,4,20,101,38,14.7,5.5,0.297,0.471,0.337,0.808,0.264,0.411,0.344,0.316,0.308,0.147,86.5,7.7,32.5,4.2
Cabrera, Melky,2017,33,620,666,177,128,30,2,17,74,36,11.1,5.4,0.285,0.423,0.323,0.745,0.302,0.44,0.319,0.343,0.342,0.138,88.3,8.9,33.6,3.8
Santana, Carlos,2017,31,571,667,148,85,37,3,23,94,88,14.1,13.2,0.259,0.455,0.363,0.818,0.27,0.475,0.35,0.368,0.374,0.206,88.7,12.9,28.4,7.5
Gonzalez, Carlos,2017,32,470,534,123,75,34,0,14,119,56,22.3,10.5,0.262,0.423,0.339,0.762,0.24,0.376,0.327,0.311,0.323,0.135,87.5,6.2,28.9,5.9
Mercer, Jordy,2017,31,502,558,128,85,24,5,14,88,51,15.8,9.1,0.255,0.406,0.326,0.733,0.262,0.387,0.308,0.311,0.333,0.125,85.8,9.2,35.3,3.1
Alonso, Yonder,2017,30,451,521,120,70,22,0,28,118,68,22.6,13.1,0.266,0.501,0.365,0.866,0.261,0.503,0.366,0.367,0.361,0.241,89.2,19.4,35.7,9.9
Smoak, Justin,2017,31,560,637,151,83,29,1,38,128,73,20.1,11.5,0.27,0.529,0.355,0.883,0.28,0.577,0.371,0.395,0.364,0.298,89.7,17.2,39.4,13.6
Zimmerman, Ryan,2017,33,524,576,159,90,33,0,36,126,44,21.9,7.6,0.303,0.573,0.358,0.93,0.298,0.563,0.388,0.387,0.353,0.266,91.4,8.5,32.5,12.2
Lowrie, Jed,2017,33,567,645,157,91,49,3,14,100,73,15.5,11.3,0.277,0.448,0.36,0.808,0.291,0.489,0.347,0.371,0.372,0.198,88.9,18.7,43,6
Morrison, Logan,2017,30,512,601,126,65,22,1,38,149,81,24.8,13.5,0.246,0.516,0.353,0.868,0.257,0.516,0.363,0.373,0.364,0.26,88.6,17.6,39.3,12.8
Gurriel, Yuli,2017,33,529,564,158,96,43,1,18,62,22,11,3.9,0.299,0.486,0.332,0.817,0.292,0.447,0.345,0.337,0.328,0.155,89.9,10.4,29.4,3.4
Solarte, Yangervis,2017,30,466,512,119,80,21,0,18,61,37,11.9,7.2,0.255,0.416,0.314,0.731,0.244,0.385,0.311,0.304,0.307,0.141,85.4,14.7,31.8,3.9
Freese, David,2017,34,426,503,112,86,16,0,10,116,58,23.1,11.5,0.263,0.371,0.368,0.739,0.265,0.407,0.326,0.351,0.374,0.143,89,3,31.2,6.4
Davis, Khris,2017,30,566,652,140,68,28,1,43,195,73,29.9,11.2,0.247,0.528,0.336,0.864,0.261,0.577,0.361,0.39,0.351,0.316,92.2,14.1,37.3,17.5
Pham, Tommy,2017,29,444,530,136,89,22,2,23,117,71,22.1,13.4,0.306,0.52,0.409,0.93,0.291,0.498,0.398,0.391,0.4,0.207,89.7,6.9,34,9.3
Reddick, Josh,2017,30,477,540,150,99,34,4,13,72,43,13.3,8,0.314,0.484,0.357,0.842,0.292,0.445,0.357,0.345,0.348,0.154,87.7,17.9,38.3,3.8
Murphy, Daniel,2017,32,534,593,172,103,43,3,23,77,52,13,8.8,0.322,0.543,0.384,0.928,0.306,0.503,0.385,0.369,0.371,0.197,89.6,17.3,39.6,4.8
Goldschmidt, Paul,2017,30,558,665,166,93,34,3,36,147,94,22.1,14.1,0.297,0.563,0.403,0.966,0.287,0.568,0.4,0.404,0.396,0.281,91.4,11.6,32.8,13.3
Gonzalez, Marwin,2017,28,455,515,138,81,34,0,23,99,49,19.2,9.5,0.303,0.53,0.375,0.904,0.249,0.418,0.381,0.328,0.332,0.168,88.6,11.7,29.1,6.6
Altuve, Jose,2017,27,590,662,204,137,39,4,24,84,58,12.7,8.8,0.346,0.547,0.409,0.957,0.296,0.495,0.405,0.373,0.368,0.199,86.2,9.6,34.2,6.7
Hernandez, Cesar,2017,27,511,577,150,109,26,6,9,104,61,18,10.6,0.294,0.421,0.373,0.793,0.28,0.41,0.346,0.344,0.363,0.13,85.7,4.5,33.3,2.9
Segura, Jean,2017,27,524,566,157,114,30,2,11,83,34,14.7,6,0.3,0.427,0.348,0.776,0.281,0.414,0.334,0.328,0.333,0.133,87.6,6.7,32.8,3.2
Freeman, Freddie,2017,28,440,514,135,70,35,2,28,95,65,18.5,12.6,0.307,0.586,0.403,0.989,0.291,0.597,0.407,0.408,0.39,0.306,89.7,16,40.3,13.3
LeMahieu, DJ,2017,29,609,682,189,149,28,4,8,90,59,13.2,8.7,0.31,0.409,0.372,0.781,0.311,0.414,0.342,0.352,0.376,0.103,89.2,3.3,31.7,1.9
Moreland, Mitch,2017,32,508,576,125,69,34,0,22,120,57,20.8,9.9,0.246,0.443,0.326,0.769,0.272,0.535,0.326,0.374,0.351,0.263,89.3,11.7,34.9,12
Moustakas, Mike,2017,29,555,598,151,89,24,0,38,94,34,15.7,5.7,0.272,0.521,0.314,0.835,0.267,0.495,0.345,0.342,0.313,0.227,87.4,18.1,33.8,8.6
Rizzo, Anthony,2017,28,572,691,156,89,32,3,32,90,91,13,13.2,0.273,0.507,0.392,0.899,0.286,0.524,0.38,0.399,0.406,0.238,88.4,15.3,34,9.3
Souza Jr., Steven,2017,28,523,617,125,72,21,2,30,179,84,29,13.6,0.239,0.459,0.35,0.809,0.24,0.454,0.348,0.351,0.353,0.214,88.8,11.5,33.4,11.5
Stanton, Giancarlo,2017,28,597,692,168,77,32,0,59,163,85,23.6,12.3,0.281,0.631,0.376,1.007,0.277,0.587,0.411,0.401,0.373,0.31,91.9,11.1,31.6,17.4
Thames, Eric,2017,31,469,551,116,55,26,4,31,163,75,29.6,13.6,0.247,0.518,0.359,0.877,0.232,0.458,0.37,0.346,0.346,0.226,88.2,12.9,36.3,11.1
Galvis, Freddy,2017,28,608,663,155,108,29,6,12,111,45,16.7,6.8,0.255,0.382,0.308,0.689,0.247,0.375,0.298,0.298,0.304,0.128,86.3,15.1,32.6,2.4
Garcia, Avisail,2017,26,518,561,171,121,27,5,18,111,33,19.8,5.9,0.33,0.506,0.38,0.885,0.301,0.521,0.375,0.374,0.354,0.22,90.3,7.6,31.6,8.8
Inciarte, Ender,2017,27,662,718,201,158,27,5,11,94,49,13.1,6.8,0.304,0.409,0.348,0.758,0.27,0.361,0.328,0.303,0.321,0.091,82.8,10.1,34.1,0.5
Ozuna, Marcell,2017,27,613,679,191,122,30,2,37,144,64,21.2,9.4,0.312,0.548,0.376,0.924,0.285,0.51,0.388,0.369,0.353,0.225,90.7,10,30.8,8.9
Beckham, Tim,2017,27,533,575,148,103,18,5,22,167,36,29,6.3,0.278,0.454,0.327,0.781,0.263,0.458,0.334,0.335,0.316,0.195,88.5,8.8,34.2,9.5
Crawford, Brandon,2017,30,518,570,131,82,34,1,14,113,42,19.8,7.4,0.253,0.403,0.305,0.709,0.247,0.412,0.301,0.314,0.306,0.165,87.5,11.4,35,6
Harrison, Josh,2017,30,486,542,132,88,26,2,16,90,28,16.6,5.2,0.272,0.432,0.338,0.77,0.261,0.407,0.332,0.324,0.331,0.147,84.9,16.5,38.4,2.7
Hosmer, Eric,2017,28,603,671,192,135,31,1,25,104,66,15.5,9.8,0.318,0.498,0.385,0.882,0.298,0.464,0.376,0.365,0.369,0.167,89.8,3.8,30.3,6.8
Rendon, Anthony,2017,27,508,605,153,86,41,1,25,82,84,13.6,13.9,0.301,0.533,0.403,0.937,0.278,0.49,0.394,0.376,0.387,0.212,89.8,18.3,34.7,6.5
Shaw, Travis,2017,27,538,606,147,81,34,1,31,138,60,22.8,9.9,0.273,0.513,0.348,0.861,0.251,0.442,0.361,0.332,0.331,0.191,88.5,14.9,34.2,7.2
Springer, George,2017,28,548,629,155,92,29,0,34,111,64,17.6,10.2,0.283,0.522,0.366,0.888,0.294,0.53,0.376,0.39,0.379,0.236,89.2,9.6,31.3,9.1
Strange-Gordon, Dee,2017,29,653,695,201,170,20,9,2,93,25,13.4,3.6,0.308,0.375,0.34,0.715,0.266,0.328,0.312,0.287,0.305,0.062,81.6,2,27.2,0.2
Gregorius, Didi,2017,27,534,570,153,101,27,0,25,70,25,12.3,4.4,0.287,0.478,0.318,0.795,0.264,0.392,0.335,0.301,0.299,0.128,84.5,17.6,35.2,3.6
Trout, Mike,2017,26,402,507,123,62,25,3,33,90,94,17.8,18.5,0.306,0.629,0.442,1.071,0.299,0.598,0.437,0.432,0.439,0.299,88.8,17.6,36.4,13.3
Herrera, Odubel,2017,26,526,563,148,89,42,3,14,126,31,22.4,5.5,0.281,0.452,0.325,0.778,0.266,0.418,0.329,0.316,0.312,0.152,87.3,9.7,34.8,6.2
Abreu, Jose,2017,30,621,675,189,107,43,6,33,119,35,17.6,5.2,0.304,0.552,0.354,0.906,0.29,0.525,0.377,0.368,0.343,0.235,90.6,11.2,34.4,9.5
Suarez, Eugenio,2017,26,534,632,139,86,25,2,26,147,84,23.3,13.3,0.26,0.461,0.367,0.828,0.261,0.445,0.356,0.357,0.369,0.184,86.1,14.7,38.8,6.9
Santana, Domingo,2017,25,525,607,146,87,29,0,30,178,73,29.3,12,0.278,0.505,0.371,0.875,0.273,0.476,0.372,0.366,0.367,0.203,89.2,10.5,40.6,9.4
Sanchez, Yolmer,2017,25,484,534,129,90,19,8,12,111,35,20.8,6.6,0.267,0.413,0.315,0.728,0.243,0.362,0.313,0.292,0.299,0.119,84.8,10.4,32.6,3.4
Schoop, Jonathan,2017,26,622,675,182,115,35,0,32,142,35,21,5.2,0.293,0.503,0.338,0.841,0.273,0.447,0.355,0.337,0.324,0.174,87.6,13,34.9,6.8
Arenado, Nolan,2017,26,606,680,187,100,43,7,37,106,62,15.6,9.1,0.309,0.586,0.372,0.958,0.282,0.53,0.395,0.371,0.351,0.248,88.8,17.4,37.5,8.5
Hamilton, Billy,2017,27,582,633,144,112,17,11,4,133,44,21,7,0.247,0.335,0.297,0.632,0.246,0.299,0.278,0.274,0.3,0.053,80.5,10.3,32.2,0.4
Joseph, Tommy,2017,26,495,533,119,69,27,1,22,129,33,24.2,6.2,0.24,0.432,0.289,0.721,0.239,0.405,0.305,0.303,0.291,0.166,89.1,13.9,30.9,7.3
Lamb, Jake,2017,27,536,635,133,69,30,4,30,152,87,23.9,13.7,0.248,0.487,0.357,0.844,0.256,0.47,0.353,0.358,0.367,0.214,88.2,12.1,34.2,9.3
Myers, Wil,2017,27,567,649,138,76,29,3,30,180,70,27.7,10.8,0.243,0.464,0.328,0.792,0.236,0.443,0.335,0.333,0.325,0.207,89.4,15.4,35.3,9.1
Seager, Kyle,2017,30,578,650,144,83,33,1,27,110,58,16.9,8.9,0.249,0.45,0.323,0.773,0.262,0.491,0.327,0.353,0.338,0.229,88.3,20.9,35.2,8.6
Carpenter, Matt,2017,32,497,622,120,64,31,2,23,125,109,20.1,17.5,0.241,0.451,0.383,0.833,0.258,0.496,0.361,0.388,0.402,0.238,89.9,22.7,37.2,8.2
Dickerson, Corey,2017,28,588,629,166,102,33,4,27,152,35,24.2,5.6,0.282,0.49,0.324,0.814,0.259,0.445,0.341,0.32,0.304,0.186,87.1,13.9,35.2,7.3
Dozier, Brian,2017,30,617,705,167,99,30,4,34,141,78,20,11.1,0.271,0.498,0.359,0.856,0.249,0.481,0.362,0.352,0.341,0.233,87.9,16.7,32,8.4
Bryant, Kris,2017,25,549,665,162,91,38,4,29,128,95,19.2,14.3,0.295,0.537,0.409,0.946,0.261,0.502,0.399,0.38,0.383,0.241,87.1,17.2,34.7,9.6
Castellanos, Nick,2017,25,614,665,167,95,36,10,26,142,41,21.4,6.2,0.272,0.49,0.32,0.811,0.294,0.554,0.341,0.381,0.344,0.26,89.1,14.2,42.6,10.7
Gamel, Ben,2017,25,509,550,140,97,27,5,11,122,36,22.2,6.5,0.275,0.413,0.322,0.734,0.253,0.383,0.315,0.302,0.303,0.13,86.3,11,33.2,4.1
Healy, Ryon,2017,25,576,605,156,102,29,0,25,142,23,23.5,3.8,0.271,0.451,0.302,0.754,0.257,0.457,0.32,0.323,0.292,0.2,88.5,12.8,35.6,7.6
Judge, Aaron,2017,25,542,678,154,75,24,3,52,208,127,30.7,18.7,0.284,0.627,0.422,1.049,0.284,0.653,0.43,0.446,0.425,0.369,94.9,15.8,38.2,25.7
Machado, Manny,2017,25,630,690,163,96,33,1,33,115,50,16.7,7.2,0.259,0.471,0.31,0.782,0.288,0.528,0.328,0.372,0.342,0.241,91.3,13.6,30,10.5
Realmuto, J.T.,2017,26,532,579,148,95,31,5,17,106,36,18.3,6.2,0.278,0.451,0.332,0.783,0.284,0.453,0.332,0.344,0.34,0.17,88.1,10.1,32.6,6.3
Rosario, Eddie,2017,26,542,589,157,95,33,2,27,106,35,18,5.9,0.29,0.507,0.326,0.833,0.271,0.486,0.349,0.341,0.312,0.215,87.2,13.3,32.1,7.4
Simmons, Andrelton,2017,28,589,647,164,110,38,2,14,67,47,10.4,7.3,0.278,0.421,0.331,0.752,0.267,0.388,0.323,0.315,0.323,0.121,86.2,7.9,30.8,2.5
Yelich, Christian,2017,26,602,695,170,114,36,2,18,137,80,19.7,11.5,0.282,0.439,0.368,0.807,0.292,0.468,0.348,0.37,0.38,0.176,90.7,4.6,29.7,7
Merrifield, Whit,2017,28,587,630,169,112,32,6,19,88,29,14,4.6,0.288,0.46,0.324,0.784,0.282,0.467,0.332,0.34,0.321,0.185,87.6,16.4,36.7,5.1
Bogaerts, Xander,2017,25,571,635,156,108,32,6,10,116,56,18.3,8.8,0.273,0.403,0.343,0.746,0.252,0.346,0.322,0.3,0.325,0.094,87.3,7.9,26.5,1.3
Polanco, Jorge,2017,24,488,544,125,79,30,3,13,78,41,14.3,7.5,0.256,0.41,0.309,0.719,0.247,0.374,0.309,0.302,0.308,0.127,85,16.2,31.4,2.6
Calhoun, Kole,2017,30,569,654,139,95,23,2,19,134,71,20.5,10.9,0.244,0.392,0.333,0.725,0.25,0.415,0.315,0.332,0.341,0.165,88.3,12.3,34.5,5.4
Duvall, Adam,2017,29,587,647,146,75,37,3,31,170,39,26.3,6,0.249,0.48,0.301,0.782,0.229,0.433,0.327,0.31,0.287,0.203,87.3,21,34.8,8.9
Schebler, Scott,2017,27,473,531,110,53,25,2,30,125,39,23.5,7.3,0.233,0.484,0.307,0.791,0.266,0.504,0.33,0.359,0.339,0.238,89.1,11.7,30,10.2
Baez, Javier,2017,25,469,508,128,79,24,2,23,144,30,28.3,5.9,0.273,0.48,0.313,0.793,0.241,0.432,0.326,0.299,0.289,0.19,87.9,10.2,27.9,8.1
Lindor, Francisco,2017,24,651,723,178,97,44,4,33,93,60,12.9,8.3,0.273,0.505,0.335,0.84,0.286,0.513,0.353,0.368,0.35,0.227,89,14.5,32,7.1
Odor, Rougned,2017,23,607,651,124,70,21,3,30,162,32,24.9,4.9,0.204,0.397,0.252,0.649,0.233,0.412,0.272,0.297,0.28,0.179,89.1,15.8,27.4,6
Story, Trevor,2017,25,503,555,120,61,32,3,24,191,49,34.4,8.8,0.239,0.457,0.308,0.765,0.219,0.412,0.323,0.302,0.291,0.193,89.4,19.2,37.1,10.5
Sanchez, Gary,2017,25,471,525,131,78,20,0,33,120,40,22.9,7.6,0.278,0.531,0.345,0.876,0.29,0.545,0.368,0.386,0.358,0.255,90.8,13.2,33.2,11.8
Kepler, Max,2017,24,511,568,124,71,32,2,19,114,47,20.1,8.3,0.243,0.425,0.312,0.736,0.247,0.381,0.315,0.308,0.317,0.134,88.8,13.2,31.9,4
Franco, Maikel,2017,25,575,623,132,78,29,1,24,95,41,15.2,6.6,0.23,0.409,0.281,0.69,0.252,0.408,0.292,0.312,0.305,0.156,88.9,11.5,26.6,6
Bradley Jr., Jackie,2017,27,482,541,118,79,19,3,17,124,48,22.9,8.9,0.245,0.402,0.323,0.726,0.248,0.416,0.313,0.326,0.329,0.167,88.2,9.5,30.3,7.2
Bell, Josh,2017,25,549,620,140,82,26,6,26,117,66,18.9,10.6,0.255,0.466,0.334,0.8,0.266,0.44,0.338,0.341,0.344,0.174,87.7,8.6,29.1,6.4
Betts, Mookie,2017,25,628,712,166,94,46,2,24,79,77,11.1,10.8,0.264,0.459,0.344,0.803,0.281,0.447,0.339,0.351,0.362,0.166,88.4,14.2,32.3,4.5
Panik, Joe,2017,27,511,573,147,104,28,5,10,54,46,9.4,8,0.288,0.421,0.346,0.766,0.257,0.379,0.329,0.313,0.325,0.123,85,11.5,32.9,2.6
Arcia, Orlando,2017,23,506,548,140,106,17,2,15,100,36,18.2,6.6,0.277,0.407,0.323,0.73,0.253,0.371,0.309,0.293,0.304,0.119,85.8,6.8,29,4.1
Peraza, Jose,2017,23,487,518,126,108,9,4,5,70,20,13.5,3.9,0.259,0.324,0.295,0.62,0.291,0.375,0.273,0.312,0.328,0.084,82.8,11.1,32.3,1.7
Pillar, Kevin,2017,28,587,632,150,96,37,1,16,95,33,15,5.2,0.256,0.404,0.299,0.703,0.271,0.406,0.302,0.316,0.316,0.135,85.9,13.2,32.7,3.4
Ramirez, Jose,2017,25,585,645,186,95,56,6,29,69,52,10.7,8.1,0.318,0.583,0.374,0.957,0.307,0.496,0.397,0.369,0.365,0.189,88.2,15,35.1,5
Bregman, Alex,2017,23,556,626,158,95,39,5,19,97,55,15.5,8.8,0.284,0.475,0.351,0.826,0.28,0.45,0.351,0.347,0.35,0.17,87.5,16.3,34.5,4.5
Gallo, Joey,2017,24,449,532,94,32,18,3,41,196,75,36.8,14.1,0.209,0.537,0.333,0.869,0.224,0.558,0.364,0.38,0.345,0.334,93.3,23,36,22.1
Seager, Corey,2017,23,539,613,159,104,33,0,22,131,67,21.4,10.9,0.295,0.479,0.375,0.854,0.301,0.527,0.364,0.388,0.382,0.226,89.7,11,40.1,8.5
Mazara, Nomar,2017,22,554,616,140,88,30,2,20,127,55,20.6,8.9,0.253,0.422,0.323,0.745,0.252,0.426,0.318,0.324,0.322,0.175,89,11.3,30.2,6.5
Swanson, Dansby,2017,23,488,551,113,82,23,2,6,120,59,21.8,10.7,0.232,0.324,0.312,0.636,0.249,0.351,0.276,0.303,0.332,0.101,87,8.5,30.9,3
Taylor, Chris,2017,27,514,568,148,88,34,5,21,142,50,25,8.8,0.288,0.496,0.354,0.85,0.275,0.458,0.361,0.349,0.344,0.183,86.9,12.1,38.9,7.5
Buxton, Byron,2017,24,462,511,117,81,14,6,16,150,38,29.4,7.4,0.253,0.413,0.311,0.725,0.241,0.395,0.312,0.305,0.305,0.154,88.1,15,31.7,5.6
Margot, Manuel,2017,23,487,529,128,90,18,7,13,106,35,20,6.6,0.263,0.409,0.312,0.721,0.265,0.382,0.309,0.311,0.319,0.118,85.3,10.4,34.7,2.6
Puig, Yasiel,2017,27,499,570,131,77,24,2,28,100,64,17.5,11.2,0.263,0.487,0.346,0.833,0.268,0.483,0.349,0.358,0.354,0.215,88.4,10.6,27,8.9
Anderson, Tim,2017,24,587,606,151,104,26,4,17,162,13,26.7,2.1,0.257,0.402,0.276,0.678,0.249,0.394,0.289,0.288,0.269,0.145,85.7,8,31.3,5.1
Bellinger, Cody,2017,22,480,548,128,59,26,4,39,146,64,26.6,11.7,0.267,0.581,0.352,0.933,0.256,0.544,0.38,0.369,0.345,0.289,90.8,17.7,35.3,12.2
Mancini, Trey,2017,25,543,586,159,105,26,4,24,139,33,23.7,5.6,0.293,0.488,0.338,0.826,0.271,0.491,0.349,0.347,0.32,0.22,88.6,7.3,30.4,9.8
Benintendi, Andrew,2017,23,573,658,155,108,26,1,20,112,70,17,10.6,0.271,0.424,0.351,0.775,0.271,0.446,0.332,0.346,0.354,0.175,87.5,14.7,31.7,5.5
Martinez, Victor,2018,40,467,508,117,87,21,0,9,49,32,9.6,6.3,0.251,0.353,0.297,0.651,0.27,0.418,0.281,0.32,0.318,0.148,87.8,14.1,35.3,4.7
Mauer, Joe,2018,35,486,543,137,103,27,1,6,86,51,15.8,9.4,0.282,0.379,0.35,0.729,0.298,0.455,0.319,0.359,0.367,0.157,91.1,4.5,36.9,5
Choo, Shin-Soo,2018,36,560,665,148,96,30,1,21,156,92,23.5,13.8,0.264,0.434,0.376,0.81,0.253,0.471,0.356,0.367,0.368,0.217,89.3,6.1,35.9,11.1
Molina, Yadier,2018,36,459,503,120,80,20,0,20,66,29,13.1,5.8,0.261,0.436,0.314,0.75,0.271,0.443,0.323,0.338,0.325,0.172,88.2,15.4,37.6,5.5
Encarnacion, Edwin,2018,35,500,579,123,74,16,1,32,132,63,22.8,10.9,0.246,0.474,0.335,0.809,0.247,0.486,0.346,0.362,0.343,0.238,89.9,18,34.1,11.2
Jones, Adam,2018,33,580,613,163,113,35,0,15,93,24,15.2,3.9,0.281,0.419,0.313,0.732,0.271,0.418,0.315,0.315,0.305,0.147,88.3,13.2,35.6,4.9
Kinsler, Ian,2018,36,487,534,117,77,26,0,14,64,40,12,7.5,0.24,0.38,0.301,0.681,0.251,0.376,0.298,0.307,0.313,0.124,85.3,17.7,36.6,3.1
Desmond, Ian,2018,33,555,619,131,80,21,8,22,146,53,23.6,8.6,0.236,0.422,0.307,0.729,0.23,0.39,0.315,0.306,0.303,0.16,90.1,-0.1,28.5,7
Cruz, Nelson,2018,38,519,591,133,77,18,1,37,122,55,20.6,9.3,0.256,0.509,0.342,0.85,0.282,0.561,0.361,0.395,0.366,0.279,93.9,12.8,31.3,13.8
Peralta, David,2018,31,560,614,164,104,25,5,30,124,48,20.2,7.8,0.293,0.516,0.352,0.868,0.282,0.48,0.368,0.357,0.344,0.197,91.5,6.7,32.9,7.8
Escobar, Alcides,2018,32,485,531,112,83,22,3,4,74,29,13.9,5.5,0.231,0.313,0.275,0.588,0.242,0.336,0.261,0.282,0.292,0.094,84.6,10.6,30,2.1
Jay, Jon,2018,33,527,586,141,112,19,7,3,95,33,16.2,5.6,0.268,0.347,0.328,0.675,0.256,0.343,0.301,0.301,0.321,0.087,85.1,4.2,31.6,1.8
Longoria, Evan,2018,33,480,512,117,72,25,4,16,101,22,19.7,4.3,0.244,0.413,0.281,0.694,0.254,0.433,0.295,0.315,0.293,0.179,88.5,13.4,32.6,7.6
Davis, Chris,2018,32,470,522,79,51,12,0,16,192,41,36.8,7.9,0.168,0.296,0.243,0.539,0.191,0.363,0.239,0.278,0.266,0.172,89.3,15.1,35.5,10.3
Zobrist, Ben,2018,37,455,520,139,99,28,3,9,60,55,11.5,10.6,0.305,0.44,0.377,0.816,0.277,0.4,0.355,0.34,0.357,0.122,89.9,9,35,3
Cabrera, Asdrubal,2018,33,546,592,143,83,36,1,23,119,41,20.1,6.9,0.262,0.458,0.316,0.774,0.256,0.446,0.332,0.33,0.311,0.19,90,14.6,32.9,7.2
Blackmon, Charlie,2018,32,626,696,182,115,31,7,29,134,59,19.3,8.5,0.291,0.502,0.358,0.859,0.28,0.451,0.368,0.352,0.35,0.171,87.5,12,34.9,6.5
Markakis, Nick,2018,35,623,705,185,126,43,2,14,80,72,11.3,10.2,0.297,0.44,0.366,0.806,0.296,0.434,0.345,0.351,0.369,0.137,90.6,10,38.4,3.1
Nunez, Eduardo,2018,31,480,502,127,91,23,3,10,69,16,13.7,3.2,0.265,0.388,0.289,0.676,0.268,0.364,0.292,0.295,0.297,0.095,88.3,9.4,27.2,3.4
Cain, Lorenzo,2018,32,539,620,166,129,25,2,10,94,71,15.2,11.5,0.308,0.417,0.395,0.813,0.289,0.399,0.359,0.35,0.379,0.11,89.1,4.9,30.9,3.4
McCutchen, Andrew,2018,32,569,682,145,92,30,3,20,145,95,21.3,13.9,0.255,0.424,0.368,0.792,0.266,0.454,0.347,0.368,0.378,0.189,90.1,13.4,36.4,8.4
Upton, Justin,2018,31,533,613,137,88,18,1,30,176,64,28.7,10.4,0.257,0.463,0.344,0.808,0.257,0.475,0.348,0.361,0.348,0.219,90.7,11.9,34.7,14
Votto, Joey,2018,35,503,623,143,101,28,2,12,101,108,16.2,17.3,0.284,0.419,0.417,0.837,0.288,0.484,0.37,0.398,0.422,0.196,88.1,13.4,45.9,6.7
Gardner, Brett,2018,35,530,609,125,86,20,7,12,107,65,17.6,10.7,0.236,0.368,0.32,0.688,0.233,0.345,0.305,0.302,0.321,0.112,88,9.4,30.6,2.8
Gordon, Alex,2018,34,506,568,124,87,24,0,13,124,50,21.8,8.8,0.245,0.37,0.324,0.694,0.26,0.44,0.305,0.339,0.338,0.18,88.5,11,36.6,6.8
Kemp, Matt,2018,34,462,506,134,88,25,0,21,115,36,22.7,7.1,0.29,0.481,0.338,0.818,0.275,0.526,0.348,0.363,0.327,0.251,89.6,15.8,42.1,11
Santana, Carlos,2018,32,560,679,128,74,28,2,24,93,110,13.7,16.2,0.229,0.414,0.352,0.766,0.249,0.424,0.333,0.352,0.371,0.175,88.9,15.4,30.3,6.9
Gonzalez, Carlos,2018,33,463,504,128,76,32,4,16,113,37,22.4,7.3,0.276,0.467,0.329,0.796,0.247,0.389,0.338,0.303,0.304,0.142,89.7,9,29.7,6.2
Alonso, Yonder,2018,31,516,574,129,87,19,0,23,123,51,21.4,8.9,0.25,0.421,0.317,0.738,0.258,0.451,0.319,0.338,0.326,0.193,87.8,15.7,36.9,9.8
Smoak, Justin,2018,32,505,594,122,63,34,0,25,156,83,26.3,14,0.242,0.457,0.35,0.808,0.226,0.44,0.349,0.341,0.337,0.215,89.5,15,36.9,10.8
Lowrie, Jed,2018,34,596,680,159,98,37,1,23,128,78,18.8,11.5,0.267,0.448,0.353,0.801,0.252,0.424,0.348,0.337,0.341,0.172,89.2,17.4,38,5.3
Brantley, Michael,2018,31,570,631,176,121,36,2,17,60,48,9.5,7.6,0.309,0.468,0.363,0.831,0.309,0.46,0.359,0.365,0.368,0.151,90.2,9.5,38.1,3.5
Gurriel, Yuli,2018,34,537,573,156,109,33,1,13,63,23,11,4,0.291,0.428,0.323,0.751,0.263,0.368,0.323,0.298,0.3,0.105,89.3,11.5,32.6,1.9
Solarte, Yangervis,2018,31,468,506,106,69,20,0,17,72,31,14.2,6.1,0.226,0.378,0.277,0.655,0.253,0.392,0.284,0.306,0.303,0.139,87.1,14.1,30,4.5
Rojas, Miguel,2018,29,488,528,123,99,13,0,11,69,24,13.1,4.5,0.252,0.346,0.295,0.642,0.268,0.354,0.282,0.296,0.312,0.086,84.7,9.4,35.5,0.9
Escobar, Eduardo,2018,29,566,631,154,80,48,3,23,126,52,20,8.2,0.272,0.489,0.334,0.824,0.251,0.437,0.346,0.328,0.319,0.186,86.5,18.9,38.8,8.3
Martinez, Jose,2018,30,534,590,163,116,30,0,17,104,49,17.6,8.3,0.305,0.457,0.363,0.82,0.309,0.523,0.356,0.387,0.369,0.214,91,8.1,37.5,9.4
Davis, Khris,2018,31,576,654,142,65,28,1,48,175,59,26.8,9,0.247,0.549,0.326,0.874,0.25,0.571,0.365,0.38,0.33,0.322,92.5,18,37.7,17.2
Pham, Tommy,2018,30,494,570,136,91,18,6,21,140,67,24.6,11.8,0.275,0.464,0.367,0.83,0.293,0.514,0.359,0.387,0.382,0.221,93,6.6,38.7,10.1
Martinez, J.D.,2018,31,569,649,188,106,37,2,43,146,69,22.5,10.6,0.33,0.629,0.402,1.031,0.313,0.626,0.428,0.425,0.388,0.314,93,10.6,40,16
Goldschmidt, Paul,2018,31,593,690,172,99,35,5,33,173,90,25.1,13,0.29,0.533,0.388,0.921,0.274,0.538,0.39,0.389,0.375,0.264,90.8,15.7,37.1,13.6
Gonzalez, Marwin,2018,29,489,552,121,77,25,3,16,126,53,22.8,9.6,0.247,0.409,0.321,0.73,0.246,0.42,0.318,0.325,0.324,0.174,89.1,11.4,35.4,6.8
Altuve, Jose,2018,28,534,599,169,125,29,2,13,79,55,13.2,9.2,0.316,0.451,0.384,0.835,0.291,0.461,0.364,0.361,0.364,0.17,87.2,10.1,34,5.9
Hernandez, Cesar,2018,28,605,708,153,120,15,3,15,155,95,21.9,13.4,0.253,0.362,0.356,0.718,0.244,0.361,0.32,0.322,0.352,0.117,85.8,11.5,30,4.2
Segura, Jean,2018,28,586,632,178,136,29,3,10,69,32,10.9,5.1,0.304,0.415,0.339,0.753,0.28,0.402,0.327,0.318,0.32,0.122,87.7,7.8,30,3.6
Castro, Starlin,2018,28,593,647,165,119,32,2,12,124,48,19.2,7.4,0.278,0.4,0.329,0.729,0.263,0.412,0.316,0.32,0.316,0.15,88.5,8.2,32,6.9
Marte, Starling,2018,30,559,606,155,98,32,5,20,109,35,18,5.8,0.277,0.46,0.327,0.786,0.27,0.463,0.337,0.341,0.322,0.194,88.4,8.7,31.5,7.5
Dietrich, Derek,2018,29,499,551,132,88,26,2,16,140,29,25.4,5.3,0.265,0.421,0.33,0.751,0.242,0.39,0.327,0.31,0.31,0.148,87.4,15.7,34.1,6.1
Freeman, Freddie,2018,29,618,707,191,120,44,4,23,132,76,18.7,10.7,0.309,0.505,0.388,0.892,0.298,0.539,0.378,0.392,0.38,0.241,89.1,14.5,44.9,9.3
Grandal, Yasmani,2018,30,440,518,106,57,23,2,24,124,72,23.9,13.9,0.241,0.466,0.349,0.815,0.228,0.455,0.352,0.347,0.34,0.227,89,14.2,33.2,11.9
LeMahieu, DJ,2018,30,533,581,147,98,32,2,15,82,37,14.1,6.4,0.276,0.428,0.32,0.748,0.282,0.429,0.323,0.333,0.329,0.146,91.3,5.9,31.3,5.2
Moustakas, Mike,2018,30,573,635,144,82,33,1,28,103,49,16.2,7.7,0.251,0.459,0.315,0.774,0.26,0.466,0.329,0.34,0.324,0.206,89.5,19.9,31.3,8.8
Rizzo, Anthony,2018,29,566,665,160,105,29,1,25,80,70,12,10.5,0.283,0.47,0.376,0.846,0.293,0.474,0.359,0.371,0.387,0.181,90.1,14.7,36.2,6.5
Stanton, Giancarlo,2018,29,617,705,164,91,34,1,38,211,70,29.9,9.9,0.266,0.509,0.343,0.852,0.246,0.476,0.36,0.348,0.329,0.229,93.7,11.7,30,15.1
Galvis, Freddy,2018,29,602,656,149,100,31,5,13,147,45,22.4,6.9,0.248,0.38,0.299,0.679,0.221,0.35,0.294,0.28,0.279,0.129,88.6,13.7,32.3,3.9
Perez, Salvador,2018,28,510,544,120,70,23,0,27,108,17,19.9,3.1,0.235,0.439,0.274,0.713,0.262,0.486,0.304,0.341,0.301,0.225,91.2,18.1,35.4,10.8
Inciarte, Ender,2018,28,597,660,158,115,27,6,10,86,49,13,7.4,0.265,0.38,0.323,0.703,0.257,0.347,0.309,0.303,0.321,0.09,84.9,10.8,32.6,1.5
Ozuna, Marcell,2018,28,582,628,163,122,16,2,23,110,38,17.5,6.1,0.28,0.433,0.325,0.758,0.288,0.502,0.327,0.363,0.335,0.213,91.5,10.7,30.3,9.7
Villar, Jonathan,2018,27,466,515,121,92,14,1,14,138,41,26.8,8,0.26,0.384,0.324,0.708,0.227,0.361,0.312,0.295,0.297,0.134,88.5,3.2,26.9,5.1
Aguilar, Jesus,2018,28,492,566,135,75,25,0,35,143,58,25.3,10.2,0.274,0.539,0.352,0.89,0.256,0.498,0.374,0.363,0.341,0.241,89.8,16.2,38.2,11.4
Crawford, Brandon,2018,31,531,594,135,91,28,2,14,122,50,20.5,8.4,0.254,0.394,0.325,0.719,0.257,0.385,0.306,0.313,0.331,0.128,87.5,11.3,37.2,3.6
Cron, C.J.,2018,28,501,560,127,68,28,1,30,145,37,25.9,6.6,0.253,0.493,0.323,0.816,0.251,0.485,0.347,0.348,0.322,0.234,88,15.2,34.3,12.2
Hicks, Aaron,2018,29,480,581,119,71,18,3,27,111,90,19.1,15.5,0.248,0.467,0.365,0.832,0.265,0.473,0.36,0.376,0.384,0.208,89.7,13.2,34.2,8.8
Hosmer, Eric,2018,29,613,677,155,104,31,2,18,142,62,21,9.2,0.253,0.398,0.322,0.72,0.252,0.389,0.31,0.313,0.323,0.137,88.8,-1.4,26.7,5.9
Kipnis, Jason,2018,31,530,601,122,75,28,1,18,112,60,18.6,10,0.23,0.389,0.314,0.703,0.242,0.404,0.309,0.325,0.329,0.163,86.9,17.8,34.4,6.6
Rendon, Anthony,2018,28,529,597,163,93,44,2,24,82,55,13.7,9.2,0.308,0.535,0.374,0.909,0.308,0.552,0.383,0.394,0.374,0.244,90.7,17.9,39.8,10.3
Semien, Marcus,2018,28,632,703,161,109,35,2,15,131,61,18.6,8.7,0.255,0.388,0.317,0.705,0.246,0.385,0.308,0.309,0.312,0.139,86.8,15.4,35.1,4.5
Shaw, Travis,2018,28,498,587,120,65,23,0,32,108,78,18.4,13.3,0.241,0.48,0.344,0.824,0.246,0.465,0.351,0.353,0.351,0.22,88.9,16.9,31.2,10.3
Springer, George,2018,29,544,620,144,96,26,0,22,122,64,19.7,10.3,0.265,0.434,0.344,0.777,0.255,0.463,0.34,0.351,0.338,0.208,88.6,9.5,30.1,8.9
Strange-Gordon, Dee,2018,30,556,588,149,120,17,8,4,80,9,13.6,1.5,0.268,0.349,0.284,0.633,0.274,0.336,0.277,0.285,0.297,0.062,83.2,5.8,30.4,0.2
Gregorius, Didi,2018,28,504,569,135,80,23,5,27,69,48,12.1,8.4,0.268,0.494,0.334,0.828,0.264,0.41,0.35,0.327,0.334,0.145,87,16,32.8,4.7
Trout, Mike,2018,27,471,608,147,80,24,4,39,124,122,20.4,20.1,0.312,0.628,0.459,1.087,0.295,0.601,0.447,0.436,0.447,0.306,91.2,18.6,41,16.5
Herrera, Odubel,2018,27,550,597,140,96,19,3,22,122,38,20.4,6.4,0.255,0.42,0.31,0.73,0.233,0.362,0.315,0.289,0.292,0.128,86.7,13.2,28.8,4.9
Harper, Bryce,2018,26,550,695,137,69,34,0,34,169,130,24.3,18.7,0.249,0.496,0.393,0.889,0.263,0.518,0.376,0.393,0.406,0.256,91,14.4,35.4,11.5
Abreu, Jose,2018,31,499,553,132,73,36,1,22,109,37,19.7,6.7,0.265,0.473,0.325,0.798,0.281,0.498,0.337,0.361,0.344,0.218,91.3,12.2,35.4,9.1
Suarez, Eugenio,2018,27,527,606,149,91,22,2,34,142,64,23.4,10.6,0.283,0.526,0.366,0.892,0.28,0.522,0.377,0.381,0.366,0.242,91.2,14.7,38.6,9.7
Polanco, Gregory,2018,27,461,535,117,56,32,6,23,117,61,21.9,11.4,0.254,0.499,0.338,0.837,0.248,0.454,0.353,0.346,0.339,0.206,88.9,20.1,33.9,9.4
Sanchez, Yolmer,2018,26,600,662,145,93,34,10,8,138,49,20.8,7.4,0.242,0.372,0.305,0.677,0.24,0.352,0.297,0.295,0.305,0.113,86.7,9.3,34.9,3
Arenado, Nolan,2018,27,590,673,175,97,38,2,38,122,73,18.1,10.8,0.297,0.561,0.373,0.934,0.267,0.476,0.391,0.355,0.35,0.21,89.9,15.4,35.6,7.4
Barnhart, Tucker,2018,27,460,522,114,80,21,3,10,96,54,18.4,10.3,0.248,0.372,0.326,0.697,0.24,0.356,0.307,0.305,0.323,0.116,87.1,12.4,35.1,3.5
Gennett, Scooter,2018,28,584,638,181,125,30,3,23,125,42,19.6,6.6,0.31,0.49,0.356,0.846,0.258,0.411,0.362,0.317,0.312,0.152,87.3,14,37.5,5.8
Hamilton, Billy,2018,28,504,556,119,90,16,9,4,132,46,23.7,8.3,0.236,0.327,0.299,0.626,0.228,0.276,0.277,0.265,0.296,0.048,80.5,15.4,36.3,0.5
Haniger, Mitch,2018,28,596,683,170,102,38,4,26,148,70,21.7,10.2,0.285,0.493,0.366,0.859,0.282,0.507,0.367,0.378,0.366,0.226,90.2,12.7,36.5,10.3
Piscotty, Stephen,2018,27,546,605,146,78,41,0,27,114,42,18.8,6.9,0.267,0.491,0.331,0.821,0.269,0.494,0.351,0.359,0.333,0.225,88.5,13.1,34.6,9.6
Seager, Kyle,2018,31,583,630,129,70,36,1,22,138,38,21.9,6,0.221,0.4,0.273,0.673,0.25,0.421,0.288,0.312,0.3,0.171,89.8,18.5,37,5.6
Carpenter, Matt,2018,33,564,677,145,67,42,0,36,158,102,23.3,15.1,0.257,0.523,0.374,0.897,0.27,0.553,0.375,0.397,0.388,0.283,90.7,21.6,44.4,13.7
Dickerson, Corey,2018,29,504,533,151,96,35,7,13,80,21,15,3.9,0.3,0.474,0.33,0.804,0.292,0.461,0.341,0.34,0.325,0.169,87.8,15.2,37.6,6.1
Dozier, Brian,2018,31,553,632,119,66,30,2,21,129,70,20.4,11.1,0.215,0.391,0.305,0.696,0.21,0.358,0.304,0.298,0.304,0.148,86.8,17.6,30.5,6.3
Contreras, Willson,2018,26,474,544,118,76,27,5,10,121,53,22.2,9.7,0.249,0.39,0.338,0.729,0.224,0.364,0.321,0.307,0.319,0.141,88.2,8,28.9,7.3
Castellanos, Nick,2018,26,620,678,185,111,46,5,23,151,49,22.3,7.2,0.298,0.5,0.354,0.854,0.299,0.535,0.363,0.381,0.356,0.236,89.6,15.2,45.3,11.2
Healy, Ryon,2018,26,493,524,116,77,15,0,24,113,27,21.6,5.2,0.235,0.412,0.277,0.688,0.262,0.445,0.296,0.326,0.303,0.184,89.6,12.3,32.2,7.1
Machado, Manny,2018,26,632,709,188,113,35,3,37,104,70,14.7,9.9,0.297,0.538,0.367,0.905,0.292,0.523,0.377,0.378,0.365,0.231,91.6,14.4,33.8,11.3
Realmuto, J.T.,2018,27,477,531,132,78,30,3,21,104,38,19.6,7.2,0.277,0.484,0.339,0.823,0.278,0.486,0.353,0.361,0.344,0.207,88.9,14.5,39.8,9
Rosario, Eddie,2018,27,559,592,161,104,31,2,24,104,30,17.6,5.1,0.288,0.479,0.323,0.802,0.245,0.432,0.34,0.307,0.284,0.187,87.7,17.9,32.5,8.3
Simmons, Andrelton,2018,29,554,600,162,120,26,5,11,44,35,7.3,5.8,0.292,0.417,0.337,0.754,0.282,0.403,0.326,0.326,0.331,0.121,88.2,7.7,27.9,4.1
Yelich, Christian,2018,27,574,651,187,110,34,7,36,135,68,20.7,10.4,0.326,0.598,0.402,1,0.323,0.575,0.422,0.422,0.402,0.252,92.6,5,36.7,12.9
Merrifield, Whit,2018,29,632,707,192,134,43,3,12,114,61,16.1,8.6,0.304,0.438,0.366,0.805,0.283,0.437,0.349,0.349,0.352,0.154,87,16.9,40.9,4.6
Bogaerts, Xander,2018,26,513,580,148,77,45,3,23,102,55,17.6,9.5,0.288,0.522,0.36,0.883,0.285,0.505,0.374,0.373,0.359,0.221,90.6,12.5,32.9,9.8
Calhoun, Kole,2018,31,491,552,102,63,18,2,19,133,53,24.1,9.6,0.208,0.369,0.283,0.651,0.25,0.456,0.283,0.337,0.322,0.206,90.4,12.1,34.3,9.3
Profar, Jurickson,2018,25,524,594,133,72,35,6,20,88,54,14.8,9.1,0.254,0.458,0.335,0.793,0.255,0.4,0.341,0.329,0.337,0.145,87.3,12.4,33.6,5
Baez, Javier,2018,26,606,645,176,93,40,9,34,167,29,25.9,4.5,0.29,0.554,0.326,0.88,0.272,0.508,0.366,0.348,0.311,0.237,90.6,9.6,33.1,12.6
Lindor, Francisco,2018,25,661,745,183,101,42,2,38,107,70,14.4,9.4,0.277,0.519,0.35,0.869,0.293,0.52,0.368,0.381,0.367,0.228,90.6,14.7,34.3,9.3
Odor, Rougned,2018,24,474,535,120,77,23,2,18,127,43,23.7,8,0.253,0.424,0.325,0.749,0.244,0.417,0.325,0.324,0.321,0.173,90.7,13.9,30.2,7.1
Story, Trevor,2018,26,598,656,174,89,42,6,37,168,47,25.6,7.2,0.291,0.567,0.348,0.914,0.265,0.513,0.384,0.358,0.326,0.248,91,16,38.2,12.7
Kepler, Max,2018,25,532,611,119,65,30,4,20,96,71,15.7,11.6,0.224,0.408,0.319,0.727,0.236,0.41,0.317,0.328,0.332,0.174,89.5,16.2,30.1,6.6
Bradley Jr., Jackie,2018,28,474,535,111,61,33,4,13,137,46,25.6,8.6,0.234,0.403,0.314,0.717,0.264,0.468,0.31,0.351,0.341,0.204,92.2,12.3,35.2,10.3
Candelario, Jeimer,2018,25,539,619,121,71,28,3,19,160,66,25.8,10.7,0.224,0.393,0.317,0.71,0.209,0.352,0.311,0.295,0.304,0.143,87.2,15,32,6
Ahmed, Nick,2018,28,516,564,121,67,33,5,16,109,40,19.3,7.1,0.234,0.411,0.289,0.7,0.241,0.377,0.3,0.296,0.296,0.136,86.9,11.9,36.3,5.1
Anderson, Brian,2018,25,590,670,161,112,34,4,11,129,62,19.3,9.3,0.273,0.4,0.357,0.757,0.261,0.412,0.333,0.338,0.347,0.15,90.2,8.7,29.2,5.8
Bell, Josh,2018,26,501,583,131,84,31,4,12,104,77,17.8,13.2,0.261,0.411,0.357,0.768,0.262,0.425,0.336,0.347,0.358,0.164,90.2,9.5,29.6,7
Betts, Mookie,2018,26,520,614,180,96,47,5,32,91,81,14.8,13.2,0.346,0.64,0.438,1.078,0.316,0.618,0.449,0.44,0.416,0.302,92.2,18.4,39.4,14.1
Smith, Mallex,2018,25,480,544,142,103,27,10,2,98,47,18,8.6,0.296,0.406,0.362,0.768,0.262,0.349,0.34,0.31,0.338,0.087,85.8,3.7,32.2,1.5
Hernandez, Teoscar,2018,26,476,523,114,56,29,7,22,163,41,31.2,7.8,0.239,0.468,0.302,0.771,0.238,0.506,0.328,0.347,0.303,0.267,91.8,16.9,34.8,15.5
Peraza, Jose,2018,24,632,683,182,133,31,4,14,75,29,11,4.2,0.288,0.416,0.322,0.738,0.28,0.389,0.319,0.313,0.321,0.109,85.8,15,37.7,2.5
Marte, Ketel,2018,25,520,580,135,83,26,12,14,79,54,13.6,9.3,0.26,0.437,0.331,0.768,0.263,0.402,0.33,0.327,0.336,0.14,88.8,5.8,28.8,5
Nimmo, Brandon,2018,25,433,535,114,61,28,8,17,140,80,26.2,15,0.263,0.483,0.404,0.886,0.24,0.399,0.385,0.355,0.385,0.159,89.9,10.7,33.4,6.5
Turner, Trea,2018,25,664,740,180,128,27,6,19,132,69,17.8,9.3,0.271,0.416,0.343,0.759,0.277,0.424,0.331,0.342,0.351,0.147,89.1,9.3,28.8,5.8
Pillar, Kevin,2018,29,512,542,129,72,40,2,15,98,18,18.1,3.3,0.252,0.426,0.282,0.708,0.282,0.437,0.302,0.325,0.312,0.155,87.3,16.8,39.3,5.7
Ramirez, Jose,2018,26,578,698,156,75,38,4,39,80,106,11.5,15.2,0.27,0.552,0.387,0.939,0.267,0.48,0.392,0.372,0.387,0.213,89,19,34.3,8.3
Bregman, Alex,2018,24,594,705,170,87,51,1,31,85,96,12.1,13.6,0.286,0.532,0.394,0.926,0.276,0.48,0.396,0.38,0.387,0.204,89.4,16.8,37.9,7.6
Gallo, Joey,2018,25,500,577,103,38,24,1,40,207,74,35.9,12.8,0.206,0.498,0.312,0.81,0.232,0.54,0.343,0.371,0.335,0.308,94.3,21.9,37.5,22.5
Mazara, Nomar,2018,23,489,536,126,80,25,1,20,116,40,21.6,7.5,0.258,0.436,0.317,0.753,0.264,0.448,0.324,0.338,0.325,0.184,90.5,5.3,28.2,8.5
Andujar, Miguel,2018,23,573,606,170,94,47,2,27,97,25,16,4.1,0.297,0.527,0.328,0.855,0.281,0.447,0.361,0.331,0.314,0.166,89.2,12.2,34.6,6.3
Swanson, Dansby,2018,24,478,533,114,71,25,4,14,122,44,22.9,8.3,0.238,0.395,0.3,0.696,0.231,0.365,0.293,0.285,0.299,0.134,88,14.1,31.8,4.1
Taylor, Chris,2018,28,536,604,136,76,35,8,17,178,55,29.5,9.1,0.254,0.444,0.331,0.775,0.245,0.42,0.335,0.33,0.327,0.175,88.9,16.4,39.5,8.3
Wendle, Joey,2018,28,487,545,146,100,33,6,7,96,37,17.6,6.8,0.3,0.435,0.352,0.788,0.264,0.378,0.338,0.312,0.326,0.115,88.8,10.7,31.8,2.7
Olson, Matt,2018,24,580,660,143,81,33,0,29,163,70,24.7,10.6,0.247,0.453,0.335,0.788,0.252,0.497,0.34,0.36,0.34,0.246,93.2,18,35.1,12.2
Duffy, Matt,2018,27,503,560,148,121,22,1,4,93,47,16.6,8.4,0.294,0.366,0.361,0.727,0.275,0.363,0.323,0.32,0.345,0.088,86.8,4.8,33.7,1.2
Margot, Manuel,2018,24,477,519,117,75,26,8,8,88,32,17,6.2,0.245,0.384,0.291,0.675,0.26,0.383,0.288,0.305,0.309,0.123,89.4,11.5,33.8,3.3
Camargo, Johan,2018,25,464,524,126,79,27,1,19,108,51,20.6,9.7,0.272,0.457,0.349,0.806,0.239,0.379,0.346,0.312,0.323,0.14,88,12.6,31.2,5
Conforto, Michael,2018,25,543,638,132,78,25,1,28,159,84,24.9,13.2,0.243,0.448,0.35,0.797,0.246,0.436,0.342,0.346,0.354,0.19,88,12.3,36.3,9.5
Anderson, Tim,2018,25,567,606,136,85,28,3,20,149,30,24.6,5,0.24,0.406,0.281,0.686,0.228,0.367,0.294,0.28,0.271,0.139,85.8,10.8,33.3,4.7
Bellinger, Cody,2018,23,557,632,145,85,28,7,25,151,69,23.9,10.9,0.26,0.47,0.343,0.814,0.242,0.439,0.345,0.332,0.329,0.198,89.8,16.2,32,8.6
Mancini, Trey,2018,26,582,636,141,91,23,3,24,153,44,24.1,6.9,0.242,0.416,0.299,0.715,0.257,0.445,0.308,0.336,0.316,0.188,89.9,5.2,27.6,11.8
Rosario, Amed,2018,23,554,592,142,99,26,8,9,119,29,20.1,4.9,0.256,0.381,0.294,0.675,0.26,0.375,0.29,0.296,0.3,0.115,87.8,7.8,32.4,3.9
Benintendi, Andrew,2018,24,579,661,168,105,41,6,16,106,71,16,10.7,0.29,0.465,0.365,0.829,0.286,0.461,0.357,0.361,0.363,0.175,88.6,12.8,37.6,6.4
Albies, Ozzie,2018,21,639,684,167,98,40,5,24,116,36,17,5.3,0.261,0.452,0.304,0.756,0.253,0.411,0.324,0.311,0.298,0.158,86.8,16.1,34,4.7
Chapman, Matt,2018,25,547,616,152,80,42,6,24,146,58,23.7,9.4,0.278,0.508,0.356,0.864,0.26,0.44,0.369,0.343,0.341,0.18,93.1,14.8,30.5,8.9
Hoskins, Rhys,2018,25,558,660,137,65,38,0,34,150,87,22.7,13.2,0.246,0.496,0.353,0.849,0.234,0.463,0.364,0.354,0.347,0.229,89,22.6,35.8,11.4
Schwarber, Kyle,2018,25,428,510,102,59,14,3,26,140,78,27.5,15.3,0.238,0.467,0.355,0.822,0.245,0.473,0.343,0.352,0.362,0.228,90.9,12.3,34,12.7
Moncada, Yoan,2018,23,578,650,136,81,32,6,17,217,67,33.4,10.3,0.235,0.4,0.314,0.714,0.216,0.388,0.311,0.303,0.298,0.172,91,15.4,36.4,9.6
Pujols, Albert,2019,39,491,545,120,75,22,0,23,68,43,12.5,7.9,0.244,0.43,0.305,0.734,0.253,0.433,0.308,0.322,0.317,0.18,88.3,12.6,26.5,5.8
Cabrera, Miguel,2019,36,493,549,139,106,21,0,12,108,48,19.7,8.7,0.282,0.398,0.346,0.744,0.272,0.443,0.318,0.336,0.34,0.171,90.3,12.3,38.2,6.4
Choo, Shin-Soo,2019,37,563,660,149,92,31,2,24,165,78,25,11.8,0.265,0.455,0.371,0.826,0.266,0.48,0.353,0.365,0.373,0.214,91.9,9.2,32.1,8.8
Jones, Adam,2019,34,485,528,126,84,25,1,16,101,31,19.1,5.9,0.26,0.414,0.313,0.727,0.258,0.434,0.308,0.321,0.313,0.177,86.1,13.4,31.3,6.7
Cruz, Nelson,2019,39,454,521,141,74,26,0,41,131,56,25.1,10.7,0.311,0.639,0.392,1.03,0.294,0.643,0.418,0.42,0.382,0.349,93.7,13.1,38.3,19.9
Longoria, Evan,2019,34,453,508,115,74,19,2,20,112,43,22,8.5,0.254,0.437,0.325,0.762,0.276,0.504,0.322,0.36,0.345,0.228,89.7,14,35.8,7.5
Fowler, Dexter,2019,33,487,574,116,72,24,1,19,142,74,24.7,12.9,0.238,0.409,0.345,0.754,0.254,0.43,0.326,0.344,0.361,0.176,85.5,12.9,40.3,7.4
Cabrera, Asdrubal,2019,34,447,514,116,72,25,1,18,103,57,20,11.1,0.26,0.441,0.342,0.783,0.241,0.418,0.331,0.323,0.329,0.177,89.1,14.4,37.3,5.7
Blackmon, Charlie,2019,33,580,634,182,101,42,7,32,104,40,16.4,6.3,0.314,0.576,0.364,0.94,0.301,0.532,0.387,0.373,0.354,0.232,88.7,14.5,36.8,8.3
Cain, Lorenzo,2019,33,562,623,146,105,30,0,11,106,50,17,8,0.26,0.372,0.324,0.696,0.292,0.422,0.302,0.34,0.355,0.13,89.4,6.6,31.3,4.1
Turner, Justin,2019,35,479,549,139,88,24,0,27,88,51,16,9.3,0.29,0.509,0.372,0.881,0.29,0.524,0.37,0.382,0.375,0.235,90.3,17.8,38.9,7.8
Votto, Joey,2019,36,525,608,137,89,32,1,15,123,76,20.2,12.5,0.261,0.411,0.357,0.768,0.261,0.451,0.332,0.35,0.36,0.19,88.8,15.3,40.7,6.9
Gardner, Brett,2019,36,491,550,123,62,26,7,28,108,52,19.6,9.5,0.251,0.503,0.325,0.829,0.241,0.375,0.344,0.306,0.32,0.134,87.7,13.9,28.8,3.9
Braun, Ryan,2019,36,459,508,131,76,31,2,22,105,34,20.7,6.7,0.285,0.505,0.341,0.846,0.271,0.482,0.354,0.347,0.331,0.212,91.4,7.1,33.6,9.8
Gordon, Alex,2019,35,556,633,148,103,31,1,13,100,51,15.8,8.1,0.266,0.396,0.344,0.74,0.262,0.437,0.319,0.339,0.344,0.176,88.7,9.3,33.7,5.4
Andrus, Elvis,2019,31,600,648,165,122,27,4,12,96,34,14.8,5.2,0.275,0.393,0.313,0.707,0.275,0.407,0.3,0.316,0.318,0.132,88.4,7.3,32.5,3.5
Ramos, Wilson,2019,32,473,524,136,103,19,0,14,69,44,13.2,8.4,0.288,0.416,0.351,0.768,0.264,0.405,0.327,0.318,0.331,0.14,90,-0.1,25.8,4.7
Santana, Carlos,2019,33,573,686,161,96,30,1,34,108,108,15.7,15.7,0.281,0.515,0.397,0.911,0.271,0.491,0.38,0.372,0.388,0.221,91.8,11.8,29.1,9.6
Belt, Brandon,2019,31,526,616,123,71,32,3,17,127,83,20.6,13.5,0.234,0.403,0.339,0.742,0.244,0.465,0.319,0.35,0.351,0.221,87.3,22.4,40.9,8.7
Brantley, Michael,2019,32,575,637,179,115,40,2,22,66,51,10.4,8,0.311,0.503,0.372,0.875,0.301,0.485,0.367,0.365,0.366,0.184,88.9,10.7,36.8,5.5
Gurriel, Yuli,2019,35,564,612,168,95,40,2,31,65,37,10.6,6,0.298,0.541,0.343,0.884,0.283,0.421,0.364,0.325,0.332,0.138,89.3,14.3,33.5,3.6
Rojas, Miguel,2019,30,483,526,137,102,29,1,5,62,32,11.8,6.1,0.284,0.379,0.331,0.71,0.275,0.379,0.305,0.31,0.326,0.105,87.4,9.1,31.9,2.6
Escobar, Eduardo,2019,30,636,699,171,97,29,10,35,130,50,18.6,7.2,0.269,0.511,0.32,0.831,0.259,0.473,0.341,0.332,0.315,0.215,87.7,18.4,38.6,7
Davis, Khris,2019,32,481,533,106,72,11,0,23,146,47,27.4,8.8,0.22,0.387,0.293,0.679,0.236,0.446,0.289,0.323,0.311,0.21,90.2,13,31.5,9.8
Pham, Tommy,2019,31,567,654,155,99,33,2,21,123,81,18.8,12.4,0.273,0.45,0.369,0.818,0.282,0.473,0.349,0.366,0.377,0.191,90.9,5.2,29.7,7.9
Martinez, J.D.,2019,32,575,657,175,104,33,2,36,138,72,21,11,0.304,0.557,0.382,0.939,0.306,0.578,0.386,0.402,0.388,0.272,91.3,12.4,40.7,11.8
Reddick, Josh,2019,32,501,550,138,102,19,3,14,66,36,12,6.5,0.275,0.409,0.316,0.726,0.276,0.4,0.308,0.318,0.325,0.125,86.1,15.7,35.7,3.4
Goldschmidt, Paul,2019,32,597,682,155,95,25,1,34,166,78,24.3,11.4,0.26,0.476,0.345,0.82,0.261,0.517,0.346,0.364,0.348,0.257,90.1,15.4,36.4,11.3
Altuve, Jose,2019,29,500,548,149,88,27,3,31,82,41,15,7.5,0.298,0.55,0.352,0.902,0.277,0.499,0.374,0.356,0.337,0.222,87.3,9.7,28.4,8.1
Hernandez, Cesar,2019,29,612,667,171,123,31,3,14,100,45,15,6.7,0.279,0.408,0.333,0.741,0.269,0.383,0.315,0.309,0.324,0.114,86,9.5,31.8,2.7
Segura, Jean,2019,29,576,618,161,108,37,4,12,73,30,11.8,4.9,0.28,0.42,0.322,0.742,0.275,0.408,0.315,0.317,0.319,0.134,88.2,7.2,31,3.2
Castro, Starlin,2019,29,636,676,172,115,31,4,22,111,28,16.4,4.1,0.27,0.436,0.3,0.736,0.269,0.439,0.307,0.316,0.302,0.17,88.6,10.9,29.6,6.2
Marte, Starling,2019,31,539,586,159,99,31,6,23,94,25,16,4.3,0.295,0.503,0.341,0.844,0.303,0.516,0.353,0.369,0.352,0.213,88.6,8.2,31,8
Donaldson, Josh,2019,34,549,659,142,72,33,0,37,155,100,23.5,15.2,0.259,0.521,0.379,0.9,0.269,0.539,0.377,0.39,0.388,0.27,92.9,13.3,33.3,15.7
Freeman, Freddie,2019,30,597,692,176,102,34,2,38,127,87,18.4,12.6,0.295,0.549,0.389,0.938,0.297,0.581,0.387,0.402,0.391,0.284,89.8,14.3,40.3,12.5
Grandal, Yasmani,2019,31,513,632,126,70,26,2,28,139,109,22,17.2,0.246,0.468,0.38,0.848,0.243,0.482,0.361,0.369,0.38,0.239,90.7,14.3,37.7,11.3
Heyward, Jason,2019,30,513,589,129,84,20,4,21,110,68,18.7,11.5,0.251,0.429,0.343,0.772,0.261,0.407,0.328,0.331,0.352,0.146,88.8,11.3,31.8,5.7
LeMahieu, DJ,2019,31,602,655,197,136,33,2,26,90,46,13.7,7,0.327,0.518,0.374,0.892,0.319,0.533,0.375,0.384,0.37,0.214,91.9,6.5,35.2,7.5
Moustakas, Mike,2019,31,523,584,133,67,30,1,35,98,53,16.8,9.1,0.254,0.516,0.329,0.845,0.263,0.509,0.348,0.354,0.338,0.246,89.5,17.4,32.6,10.3
Rizzo, Anthony,2019,30,512,613,150,91,29,3,27,86,71,14,11.6,0.293,0.52,0.405,0.924,0.301,0.498,0.39,0.394,0.415,0.197,89,12.6,36.8,6.8
Galvis, Freddy,2019,30,557,589,145,93,28,1,23,145,28,24.6,4.8,0.26,0.438,0.295,0.733,0.24,0.394,0.308,0.287,0.277,0.154,88.8,14.7,31.8,5.5
Garcia, Avisail,2019,28,489,530,138,91,25,2,20,125,31,23.6,5.8,0.282,0.464,0.332,0.796,0.278,0.502,0.334,0.351,0.33,0.224,89.5,9.8,34.1,11.7
Ozuna, Marcell,2019,29,485,549,117,64,23,1,29,114,62,20.8,11.3,0.241,0.472,0.328,0.8,0.291,0.548,0.336,0.387,0.373,0.257,91.8,13.5,32.8,12.1
Villar, Jonathan,2019,28,642,714,176,114,33,5,24,176,61,24.6,8.5,0.274,0.453,0.338,0.791,0.247,0.414,0.335,0.316,0.317,0.166,88.9,8.2,30.3,6.8
Santana, Danny,2019,29,474,511,134,77,23,6,28,151,25,29.5,4.9,0.283,0.534,0.323,0.857,0.276,0.502,0.352,0.346,0.319,0.226,91.4,13.5,37.8,9.5
Crawford, Brandon,2019,32,500,560,114,77,24,2,11,117,53,20.9,9.5,0.228,0.35,0.304,0.654,0.244,0.408,0.281,0.313,0.32,0.164,87.8,8.3,36.7,5.4
Hosmer, Eric,2019,30,619,667,164,111,29,2,22,163,40,24.4,6,0.265,0.425,0.31,0.735,0.255,0.417,0.309,0.309,0.303,0.162,90.8,2.1,28.9,7.2
Kipnis, Jason,2019,32,458,511,112,71,23,1,17,88,40,17.2,7.8,0.245,0.41,0.301,0.712,0.259,0.425,0.301,0.322,0.321,0.166,88.1,14.1,33.1,5.5
Rendon, Anthony,2019,29,545,646,174,93,44,3,34,86,80,13.3,12.4,0.319,0.598,0.412,1.01,0.315,0.6,0.413,0.42,0.412,0.285,90.4,19.5,38.7,12
Semien, Marcus,2019,29,657,747,187,104,43,7,33,102,87,13.7,11.6,0.285,0.522,0.369,0.892,0.275,0.503,0.373,0.367,0.362,0.228,88.9,14.9,34.4,8.5
Springer, George,2019,30,479,556,140,78,20,3,39,113,67,20.3,12.1,0.292,0.591,0.383,0.974,0.288,0.582,0.401,0.404,0.383,0.294,89.8,10.4,31.9,14.1
Vazquez, Christian,2019,29,482,521,133,83,26,1,23,101,33,19.4,6.3,0.276,0.477,0.319,0.796,0.253,0.447,0.331,0.317,0.302,0.194,89.4,13.2,37.5,5.9
Wong, Kolten,2019,29,478,549,136,96,25,4,11,83,47,15.1,8.6,0.285,0.423,0.357,0.78,0.25,0.365,0.334,0.307,0.334,0.115,86.1,12.7,28.1,2.2
Garcia, Leury,2019,28,577,618,161,123,27,3,8,139,21,22.5,3.4,0.279,0.378,0.304,0.682,0.247,0.359,0.295,0.279,0.281,0.112,88.2,6.2,30.1,3.8
Grichuk, Randal,2019,28,586,628,136,71,29,5,31,163,35,26,5.6,0.232,0.457,0.28,0.738,0.241,0.437,0.307,0.309,0.29,0.196,89.3,16,31.3,8.5
Trout, Mike,2019,28,470,600,137,63,27,2,45,120,110,20,18.3,0.291,0.645,0.438,1.083,0.311,0.676,0.436,0.46,0.457,0.365,90.9,22.2,43.8,18.9
Harper, Bryce,2019,27,573,682,149,77,36,1,35,178,99,26.1,14.5,0.26,0.51,0.372,0.882,0.277,0.551,0.366,0.39,0.388,0.274,91.9,13.7,37.6,14.8
Abreu, Jose,2019,32,634,693,180,108,38,1,33,152,36,21.9,5.2,0.284,0.503,0.33,0.834,0.282,0.522,0.344,0.363,0.335,0.24,92.1,10.9,35.2,12.8
Suarez, Eugenio,2019,28,575,662,156,83,22,2,49,189,70,28.5,10.6,0.271,0.572,0.358,0.93,0.251,0.509,0.381,0.361,0.344,0.258,89.4,17.8,39,14
Santana, Domingo,2019,27,451,507,114,72,20,1,21,164,50,32.3,9.9,0.253,0.441,0.327,0.769,0.254,0.49,0.326,0.349,0.332,0.236,89,11.3,40.5,12.1
Sanchez, Yolmer,2019,27,496,555,125,99,20,4,2,117,44,21.1,7.9,0.252,0.321,0.314,0.634,0.234,0.323,0.281,0.28,0.303,0.089,87.1,14.2,31.9,1
Arenado, Nolan,2019,28,588,662,185,111,31,2,41,93,62,14,9.4,0.315,0.583,0.379,0.962,0.274,0.489,0.392,0.349,0.345,0.215,89.4,17.6,34.6,8
Muncy, Max,2019,29,487,589,122,64,22,1,35,149,90,25.3,15.3,0.251,0.515,0.374,0.889,0.272,0.527,0.373,0.39,0.393,0.255,89.8,14.4,39.5,12
Voit, Luke,2019,28,429,510,113,70,21,1,21,142,71,27.8,13.9,0.263,0.464,0.378,0.842,0.249,0.496,0.36,0.367,0.368,0.247,89.7,12.5,38.5,13.2
Walker, Christian,2019,28,529,603,137,81,26,1,29,155,67,25.7,11.1,0.259,0.476,0.348,0.825,0.266,0.522,0.346,0.367,0.355,0.256,91.1,14.8,34.1,13.1
Iglesias, Jose,2019,29,504,530,145,110,21,3,11,70,20,13.2,3.8,0.288,0.407,0.317,0.724,0.271,0.376,0.306,0.296,0.304,0.104,84.2,6.9,30.4,2.5
Bryant, Kris,2019,27,543,634,153,86,35,1,31,145,74,22.9,11.7,0.282,0.521,0.382,0.903,0.251,0.469,0.38,0.354,0.356,0.218,87.5,19.1,35.8,9.3
Castellanos, Nick,2019,27,615,664,178,90,58,3,27,143,41,21.5,6.2,0.289,0.525,0.337,0.863,0.285,0.552,0.358,0.37,0.335,0.267,89,14,39.8,10.9
Machado, Manny,2019,27,587,661,150,95,21,2,32,128,65,19.4,9.8,0.256,0.462,0.334,0.796,0.267,0.474,0.335,0.349,0.346,0.207,91.2,12.9,31.2,8
Moran, Colin,2019,27,466,503,129,85,30,1,13,117,30,23.3,6,0.277,0.429,0.322,0.751,0.263,0.446,0.315,0.32,0.31,0.183,88.2,12.4,37.1,7.4
Pederson, Joc,2019,27,450,514,112,57,16,3,36,111,50,21.6,9.7,0.249,0.538,0.339,0.876,0.252,0.481,0.362,0.349,0.342,0.23,91.2,15.1,31.7,10.3
Realmuto, J.T.,2019,28,538,593,148,84,36,3,25,123,41,20.7,6.9,0.275,0.493,0.327,0.82,0.281,0.48,0.34,0.349,0.339,0.2,90.3,14.4,35,8.7
Rosario, Eddie,2019,28,562,590,155,94,28,1,32,86,22,14.6,3.7,0.276,0.5,0.3,0.8,0.268,0.506,0.329,0.336,0.296,0.238,89.2,16.8,33.4,8.5
Yelich, Christian,2019,28,489,580,161,85,29,3,44,118,80,20.3,13.8,0.329,0.671,0.429,1.1,0.315,0.629,0.442,0.428,0.419,0.314,93.2,11.3,33.2,15.8
Merrifield, Whit,2019,30,681,735,206,139,41,10,16,126,45,17.1,6.1,0.302,0.463,0.348,0.811,0.286,0.442,0.34,0.332,0.335,0.156,87,15.6,41.9,4.3
Bogaerts, Xander,2019,27,614,698,190,105,52,0,33,122,76,17.5,10.9,0.309,0.555,0.384,0.939,0.278,0.484,0.39,0.361,0.359,0.206,90.6,13.2,34.7,8.4
Alberto, Hanser,2019,27,524,550,160,125,21,2,12,50,16,9.1,2.9,0.305,0.422,0.327,0.749,0.283,0.401,0.318,0.308,0.309,0.119,84.4,11.8,32.5,2.9
Polanco, Jorge,2019,26,631,704,186,117,40,7,22,116,60,16.5,8.5,0.295,0.485,0.355,0.84,0.277,0.478,0.352,0.349,0.343,0.201,88,18.9,41.6,6.7
Calhoun, Kole,2019,32,552,632,128,65,29,1,33,162,70,25.6,11.1,0.232,0.467,0.324,0.792,0.245,0.479,0.33,0.344,0.338,0.234,89.5,14.9,34.9,11.2
Eaton, Adam,2019,31,566,656,158,111,25,7,15,106,65,16.2,9.9,0.279,0.428,0.36,0.787,0.263,0.417,0.342,0.336,0.353,0.153,88.9,15.3,33.9,3.8
Profar, Jurickson,2019,26,459,518,100,54,24,2,20,75,48,14.5,9.3,0.218,0.41,0.301,0.711,0.256,0.438,0.301,0.334,0.337,0.182,86.7,14,30.2,6.5
Baez, Javier,2019,27,531,561,149,78,38,4,29,156,28,27.8,5,0.281,0.531,0.316,0.847,0.269,0.51,0.347,0.339,0.305,0.241,91.1,7.8,36.3,12.7
Lindor, Francisco,2019,26,598,654,170,96,40,2,32,98,46,15,7,0.284,0.518,0.335,0.853,0.276,0.467,0.349,0.336,0.33,0.191,91,12.2,29.6,7.5
Odor, Rougned,2019,25,522,581,107,46,30,1,30,178,52,30.6,9,0.205,0.439,0.282,0.721,0.223,0.471,0.302,0.324,0.301,0.248,91.1,17.9,30.6,13.6
Story, Trevor,2019,27,588,656,173,95,38,5,35,174,58,26.5,8.8,0.294,0.554,0.363,0.917,0.265,0.471,0.38,0.346,0.338,0.206,91,17.5,36.5,8.6
Vogelbach, Daniel,2019,27,462,558,96,49,17,0,30,149,92,26.7,16.5,0.208,0.439,0.341,0.78,0.229,0.447,0.333,0.348,0.36,0.218,88.9,17.2,39.7,10.8
Kepler, Max,2019,26,524,596,132,64,32,0,36,99,60,16.6,10.1,0.252,0.519,0.336,0.855,0.264,0.465,0.355,0.348,0.347,0.202,89.7,18.2,31,8.9
Bradley Jr., Jackie,2019,29,494,567,111,59,28,3,21,155,56,27.3,9.9,0.225,0.421,0.316,0.737,0.234,0.431,0.314,0.327,0.328,0.197,90.1,9.3,30.2,9.6
Nunez, Renato,2019,25,541,599,132,77,24,0,31,143,44,23.9,7.3,0.244,0.46,0.311,0.771,0.256,0.474,0.323,0.338,0.322,0.218,89.9,19.9,32.1,10.7
Ahmed, Nick,2019,29,556,625,141,83,33,6,19,113,52,18.1,8.3,0.254,0.437,0.315,0.752,0.261,0.432,0.315,0.326,0.327,0.171,87.8,7.6,35.5,6.6
Anderson, Brian,2019,26,459,520,120,66,33,1,20,114,44,21.9,8.5,0.261,0.468,0.342,0.811,0.258,0.461,0.342,0.345,0.341,0.203,89.9,11.1,31.3,8.9
Bell, Josh,2019,27,527,613,146,69,37,3,37,118,74,19.2,12.1,0.277,0.569,0.367,0.936,0.288,0.565,0.379,0.39,0.378,0.278,92.4,12.9,35.1,12.7
Betts, Mookie,2019,27,597,706,176,102,40,5,29,101,97,14.3,13.7,0.295,0.524,0.391,0.915,0.313,0.58,0.38,0.414,0.41,0.268,91,19.3,39.2,10.3
Smith, Mallex,2019,26,510,566,116,82,19,9,6,141,42,24.9,7.4,0.227,0.335,0.299,0.634,0.215,0.3,0.278,0.268,0.29,0.085,85.2,7.5,29.6,2.2
Arcia, Orlando,2019,25,494,546,110,78,16,1,15,109,43,20,7.9,0.223,0.35,0.282,0.632,0.23,0.369,0.269,0.287,0.293,0.139,88,6.8,27.5,4.6
Marte, Ketel,2019,26,569,628,187,110,36,9,32,86,53,13.7,8.4,0.329,0.592,0.389,0.981,0.305,0.531,0.405,0.38,0.368,0.226,90,11.5,34.4,9.3
Turner, Trea,2019,26,521,569,155,94,37,5,19,113,43,19.9,7.6,0.298,0.497,0.353,0.85,0.283,0.462,0.356,0.344,0.341,0.179,90.4,9.9,29.8,6.8
Pillar, Kevin,2019,30,611,645,158,97,37,3,21,89,18,13.8,2.8,0.259,0.432,0.287,0.719,0.266,0.416,0.298,0.304,0.296,0.151,86.4,14.1,32.9,4.9
Ramirez, Jose,2019,27,482,542,123,64,33,3,23,74,52,13.7,9.6,0.255,0.479,0.327,0.806,0.272,0.467,0.335,0.346,0.345,0.195,89.2,19.8,32.6,6.3
Bregman, Alex,2019,25,554,690,164,84,37,2,41,83,119,12,17.2,0.296,0.592,0.423,1.015,0.272,0.465,0.418,0.38,0.409,0.193,89.3,19.6,35.5,4.8
Seager, Corey,2019,25,489,541,133,69,44,1,19,98,44,18.1,8.1,0.272,0.483,0.335,0.817,0.261,0.468,0.34,0.335,0.325,0.207,88.8,14.1,35.4,7.3
Reyes, Franmil,2019,24,494,548,123,67,19,0,37,156,47,28.5,8.6,0.249,0.512,0.31,0.822,0.265,0.543,0.338,0.364,0.329,0.278,93.3,9.5,33.3,14.8
Swanson, Dansby,2019,25,483,545,121,75,26,3,17,124,51,22.8,9.4,0.251,0.422,0.325,0.747,0.275,0.49,0.317,0.357,0.35,0.215,89.9,14.4,36.7,10.1
Newman, Kevin,2019,26,493,531,152,114,20,6,12,62,28,11.7,5.3,0.308,0.446,0.352,0.798,0.282,0.387,0.34,0.314,0.329,0.106,85.3,8.5,33.4,2.1
Olson, Matt,2019,25,483,547,129,67,26,0,36,138,51,25.2,9.3,0.267,0.545,0.351,0.896,0.283,0.59,0.368,0.395,0.367,0.307,92.7,19,36.1,14.5
Alonso, Pete,2019,25,597,693,155,70,30,2,53,183,72,26.4,10.4,0.26,0.583,0.358,0.941,0.258,0.545,0.384,0.379,0.358,0.288,90.7,14.8,37.4,15.8
Conforto, Michael,2019,26,549,648,141,78,29,1,33,149,84,23,13,0.257,0.494,0.363,0.856,0.266,0.513,0.358,0.374,0.373,0.247,89.2,16,36,11.9
Frazier, Adam,2019,28,554,608,154,104,33,7,10,75,40,12.3,6.6,0.278,0.417,0.334,0.751,0.279,0.408,0.32,0.323,0.338,0.129,87.2,13,36.2,1.9
Puig, Yasiel,2019,29,555,611,148,92,30,2,24,133,44,21.8,7.2,0.267,0.458,0.327,0.785,0.262,0.461,0.33,0.334,0.324,0.199,90,13.8,30.5,9.4
Soler, Jorge,2019,27,589,679,156,74,33,1,48,178,73,26.2,10.8,0.265,0.569,0.352,0.921,0.278,0.596,0.378,0.397,0.366,0.318,92.6,15.5,34.5,16.9
Meadows, Austin,2019,24,530,591,154,85,29,7,33,131,54,22.2,9.1,0.291,0.558,0.364,0.922,0.286,0.553,0.38,0.379,0.359,0.268,90.4,16.7,38.1,12.5
Anderson, Tim,2019,26,498,518,167,117,32,0,18,109,15,21,2.9,0.335,0.508,0.357,0.865,0.296,0.471,0.363,0.337,0.32,0.175,88.3,8.7,37.6,5.1
Bellinger, Cody,2019,24,558,661,170,86,34,3,47,108,95,16.3,14.4,0.305,0.629,0.405,1.034,0.324,0.647,0.415,0.437,0.425,0.322,91.1,18.2,40.1,13
Dozier, Hunter,2019,28,523,586,146,81,29,10,26,148,55,25.3,9.4,0.279,0.522,0.348,0.87,0.265,0.48,0.36,0.345,0.336,0.215,91.1,16.7,35.8,10
Mancini, Trey,2019,27,602,679,175,100,38,2,35,143,63,21.1,9.3,0.291,0.535,0.364,0.899,0.279,0.51,0.373,0.366,0.355,0.231,90.3,7.8,36.4,10.3
McMahon, Ryan,2019,25,480,539,120,73,22,1,24,160,56,29.7,10.4,0.25,0.45,0.328,0.778,0.248,0.437,0.33,0.33,0.329,0.189,91.9,8.9,36.3,9
Rosario, Amed,2019,24,616,655,177,125,30,7,15,124,31,18.9,4.7,0.287,0.432,0.322,0.754,0.294,0.435,0.318,0.33,0.331,0.141,89.4,8.9,35.4,4.2
Adames, Willy,2019,24,531,584,135,89,25,1,20,153,46,26.2,7.9,0.254,0.418,0.315,0.733,0.254,0.446,0.313,0.326,0.317,0.192,88.5,10.8,36.1,8.4
Benintendi, Andrew,2019,25,541,615,144,86,40,5,13,140,59,22.8,9.6,0.266,0.431,0.341,0.772,0.269,0.47,0.33,0.348,0.346,0.201,89.1,17.3,39.9,8.1
McNeil, Jeff,2019,27,510,567,162,100,38,1,23,75,35,13.2,6.2,0.318,0.531,0.384,0.916,0.291,0.478,0.385,0.361,0.362,0.187,89,13.8,34.2,4.8
Albies, Ozzie,2019,22,640,702,189,114,43,8,24,112,54,16,7.7,0.295,0.5,0.352,0.852,0.292,0.497,0.354,0.356,0.35,0.205,88.9,15.6,36.8,6.6
Robles, Victor,2019,22,546,617,139,86,33,3,17,140,35,22.7,5.7,0.255,0.419,0.323,0.742,0.234,0.379,0.317,0.3,0.31,0.145,83.3,16.7,34.1,4.8
Devers, Rafael,2019,23,647,702,201,111,54,4,32,119,48,17,6.8,0.311,0.555,0.36,0.915,0.302,0.533,0.377,0.371,0.355,0.231,92.5,10.6,33,9
Jimenez, Eloy,2019,23,468,504,125,74,18,2,31,134,30,26.6,6,0.267,0.513,0.315,0.828,0.27,0.526,0.343,0.355,0.319,0.256,91.2,9.3,32.4,12.8
Torres, Gleyber,2019,23,546,604,152,88,26,0,38,129,48,21.4,7.9,0.278,0.535,0.336,0.871,0.262,0.501,0.359,0.347,0.324,0.239,89.1,17.7,38,10.1
Chapman, Matt,2019,26,583,670,145,70,36,3,36,147,73,21.9,10.9,0.249,0.506,0.342,0.848,0.255,0.507,0.354,0.362,0.349,0.252,92.7,16.4,25.1,12.1
Hoskins, Rhys,2019,26,570,705,129,62,33,5,29,173,116,24.5,16.5,0.226,0.454,0.363,0.818,0.221,0.429,0.347,0.344,0.362,0.209,89.8,23.9,31,9.7
Schwarber, Kyle,2019,26,529,610,132,62,29,3,38,156,70,25.6,11.5,0.25,0.531,0.339,0.871,0.267,0.558,0.357,0.378,0.357,0.291,93.5,15.5,35.4,14.5
DeJong, Paul,2019,26,583,664,136,74,31,1,30,149,62,22.4,9.3,0.233,0.444,0.318,0.762,0.239,0.448,0.322,0.333,0.326,0.209,87.1,18.2,33,8.6
Moncada, Yoan,2019,24,511,559,161,97,34,5,25,154,40,27.5,7.2,0.315,0.548,0.367,0.915,0.285,0.523,0.38,0.362,0.341,0.238,93.1,12.3,40.4,12.2
Acuna Jr., Ronald,2019,22,626,715,175,110,22,2,41,188,76,26.3,10.6,0.28,0.518,0.364,0.881,0.282,0.578,0.369,0.393,0.368,0.296,90.6,14.2,40.5,15
Fletcher, David,2019,25,596,653,173,133,30,4,6,64,55,9.8,8.4,0.29,0.384,0.349,0.733,0.297,0.377,0.318,0.324,0.357,0.08,83.8,9.7,37.5,0.2
Guerrero Jr., Vladimir,2019,20,464,514,126,83,26,2,15,91,46,17.7,8.9,0.272,0.433,0.339,0.772,0.261,0.435,0.329,0.331,0.33,0.174,89.4,6.7,30.9,7.7
Soto, Juan,2019,21,542,659,153,82,32,5,34,132,108,20,16.4,0.282,0.548,0.401,0.949,0.288,0.584,0.394,0.414,0.407,0.296,92,12.5,36.3,12.3
Reynolds, Bryan,2019,24,491,546,154,97,37,4,16,121,46,22.2,8.4,0.314,0.503,0.377,0.88,0.3,0.487,0.371,0.367,0.367,0.187,89.5,9.5,37.3,6.7
Ortiz, David,2016,41,537,626,169,82,48,1,38,86,80,13.7,12.8,0.315,0.62,0.401,1.021,0.314,0.641,0.42,0.434,0.405,0.327,93.2,16.8,39.3,15.5
Beltre, Adrian,2016,37,583,640,175,111,31,1,32,66,48,10.3,7.5,0.3,0.521,0.358,0.879,0.298,0.523,0.371,0.379,0.358,0.225,90.1,14.5,34.2,8.5
Beltran, Carlos,2016,39,552,593,163,101,33,0,29,101,35,17,5.9,0.295,0.513,0.337,0.85,0.272,0.44,0.358,0.328,0.317,0.168,90.2,12.6,32.5,6.8
Werth, Jayson,2016,37,525,606,128,79,28,0,21,139,71,22.9,11.7,0.244,0.417,0.335,0.752,0.247,0.422,0.327,0.339,0.342,0.175,91.3,14.9,32.4,7.4
Martinez, Victor,2016,38,553,610,160,111,22,0,27,90,50,14.8,8.2,0.289,0.476,0.351,0.826,0.288,0.51,0.351,0.368,0.352,0.222,90,15.5,37.8,8.4
Utley, Chase,2016,38,512,565,129,86,26,3,14,115,40,20.4,7.1,0.252,0.396,0.319,0.715,0.261,0.393,0.312,0.319,0.328,0.132,87.6,12.1,35.6,4.3
Pujols, Albert,2016,36,593,650,159,109,19,0,31,75,49,11.5,7.5,0.268,0.457,0.323,0.78,0.286,0.53,0.331,0.373,0.344,0.243,91.6,11.7,31.9,9.4
Mauer, Joe,2016,33,494,576,129,92,22,4,11,93,79,16.1,13.7,0.261,0.389,0.363,0.752,0.286,0.46,0.327,0.368,0.386,0.174,89.8,3.7,36.5,6
Cabrera, Miguel,2016,33,595,679,188,118,31,1,38,116,75,17.1,11,0.316,0.563,0.393,0.956,0.335,0.677,0.398,0.453,0.412,0.343,93.6,12.3,40.5,15.9
Gonzalez, Adrian,2016,34,568,633,162,113,31,0,18,117,55,18.5,8.7,0.285,0.435,0.349,0.784,0.272,0.424,0.334,0.331,0.339,0.152,88.2,9.6,38.9,4.6
Phillips, Brandon,2016,35,550,584,160,114,34,1,11,68,18,11.6,3.1,0.291,0.416,0.318,0.735,0.263,0.378,0.315,0.298,0.296,0.115,86.4,10.2,35.1,2.7
Upton, B.J.,2016,32,492,539,117,79,15,3,20,155,37,28.8,6.9,0.238,0.402,0.289,0.692,0.236,0.397,0.297,0.301,0.29,0.161,88.3,9.2,31.1,5.8
Molina, Yadier,2016,34,534,581,164,117,38,1,8,63,39,10.8,6.7,0.307,0.427,0.36,0.787,0.283,0.427,0.342,0.338,0.339,0.144,87.8,9.4,35.5,3.6
Cano, Robinson,2016,34,655,715,195,121,33,2,39,100,47,14,6.6,0.298,0.533,0.35,0.882,0.286,0.487,0.37,0.355,0.34,0.202,90.2,11.5,33,7.5
Encarnacion, Edwin,2016,33,601,702,158,82,34,0,42,138,87,19.7,12.4,0.263,0.529,0.356,0.885,0.264,0.533,0.373,0.383,0.361,0.269,90.8,15.8,35.7,12.1
Bautista, Jose,2016,36,423,517,99,52,24,1,22,103,87,19.9,16.8,0.234,0.452,0.366,0.817,0.255,0.439,0.355,0.366,0.386,0.184,91.5,14.6,30.6,8.3
Jones, Adam,2016,31,619,672,164,116,19,0,29,115,39,17.1,5.8,0.265,0.436,0.31,0.746,0.269,0.473,0.318,0.339,0.316,0.204,88.8,14.6,31.8,8
Martin, Russell,2016,33,455,535,105,69,16,0,20,148,64,27.7,12,0.231,0.398,0.335,0.732,0.225,0.416,0.322,0.332,0.333,0.191,89.2,10,29.4,9.3
Granderson, Curtis,2016,35,545,633,129,70,24,5,30,130,74,20.5,11.7,0.237,0.464,0.335,0.799,0.249,0.434,0.339,0.341,0.348,0.185,87.8,18.7,33.8,6.9
Pagan, Angel,2016,35,495,543,137,96,24,5,12,66,42,12.2,7.7,0.277,0.418,0.33,0.748,0.291,0.402,0.324,0.332,0.346,0.11,85.7,12.5,35.9,3
Ramirez, Hanley,2016,33,549,620,157,98,28,1,30,120,60,19.4,9.7,0.286,0.505,0.361,0.866,0.267,0.477,0.367,0.355,0.347,0.209,90.6,9.3,29.8,10.4
Morales, Kendrys,2016,33,558,618,147,93,24,0,30,120,48,19.4,7.8,0.263,0.468,0.327,0.795,0.29,0.559,0.339,0.392,0.355,0.269,92.8,11.4,34.5,10.8
Kendrick, Howie,2016,33,487,543,124,88,26,2,8,96,50,17.7,9.2,0.255,0.366,0.326,0.691,0.271,0.422,0.303,0.339,0.344,0.15,90.4,1.7,27.2,5.8
Napoli, Mike,2016,35,557,645,133,76,22,1,34,194,78,30.1,12.1,0.239,0.465,0.335,0.8,0.223,0.471,0.343,0.344,0.323,0.248,89.6,18.4,33.2,13.3
Kinsler, Ian,2016,34,618,679,178,117,29,4,28,115,45,16.9,6.6,0.288,0.484,0.348,0.831,0.266,0.419,0.356,0.328,0.328,0.154,87.2,18.4,37.4,3.8
Desmond, Ian,2016,31,625,677,178,124,29,3,22,160,44,23.6,6.5,0.285,0.446,0.335,0.782,0.263,0.431,0.336,0.328,0.317,0.168,90.7,4.8,28.6,7.5
Cruz, Nelson,2016,36,589,667,169,98,27,1,43,159,62,23.8,9.3,0.287,0.555,0.36,0.915,0.281,0.594,0.383,0.401,0.358,0.313,94.6,11.2,34.8,16.5
Trumbo, Mark,2016,30,613,667,157,82,27,1,47,170,51,25.5,7.6,0.256,0.533,0.316,0.85,0.27,0.551,0.358,0.374,0.33,0.281,92.8,15.1,31.8,15.6
Escobar, Alcides,2016,30,637,682,166,129,24,6,7,96,27,14.1,4,0.261,0.35,0.287,0.637,0.248,0.327,0.278,0.271,0.281,0.079,84,9.4,31.7,1.4
Prado, Martin,2016,33,600,658,183,135,37,3,8,69,49,10.5,7.4,0.305,0.417,0.359,0.775,0.289,0.38,0.335,0.323,0.345,0.09,87.9,8.9,31.3,1.3
Longoria, Evan,2016,31,633,685,173,92,41,4,36,144,42,21,6.1,0.273,0.521,0.318,0.84,0.273,0.545,0.35,0.368,0.322,0.272,90.8,18.2,38.1,12.1
Cozart, Zack,2016,31,464,508,117,71,28,2,16,84,37,16.5,7.3,0.252,0.425,0.307,0.732,0.244,0.369,0.312,0.298,0.302,0.126,86.3,15.4,31.9,2.3
Davis, Chris,2016,30,566,665,125,66,21,0,38,219,88,32.9,13.2,0.221,0.459,0.332,0.792,0.22,0.492,0.34,0.355,0.334,0.272,91.1,17.2,35.7,15.1
Zobrist, Ben,2016,35,523,631,142,90,31,3,18,82,96,13,15.2,0.272,0.446,0.384,0.829,0.278,0.422,0.36,0.362,0.395,0.144,89.1,9.5,32.3,4.5
Fowler, Dexter,2016,30,456,551,126,81,25,7,13,124,79,22.5,14.3,0.276,0.447,0.392,0.839,0.259,0.414,0.367,0.358,0.382,0.155,88,12.5,37.1,5.6
Headley, Chase,2016,32,467,529,118,85,18,1,14,118,51,22.3,9.6,0.253,0.385,0.331,0.716,0.247,0.391,0.312,0.32,0.329,0.143,87.3,11.8,33.6,5.9
Span, Denard,2016,32,572,637,152,113,23,5,11,79,53,12.4,8.3,0.266,0.381,0.328,0.709,0.282,0.391,0.311,0.331,0.349,0.109,86,6.7,29.5,2.8
Cabrera, Asdrubal,2016,31,521,568,146,92,30,1,23,103,38,18.1,6.7,0.28,0.474,0.336,0.81,0.255,0.428,0.345,0.323,0.315,0.173,88.9,15.6,36.4,5.7
Ellsbury, Jacoby,2016,33,551,626,145,107,24,5,9,84,54,13.4,8.6,0.263,0.374,0.321,0.695,0.273,0.367,0.308,0.317,0.339,0.095,86.9,10.7,30.8,1.7
Tulowitzki, Troy,2016,32,492,544,125,80,21,0,24,101,43,18.6,7.9,0.254,0.443,0.318,0.761,0.269,0.502,0.327,0.361,0.334,0.233,90,14.2,33.7,9.6
Blackmon, Charlie,2016,30,578,641,187,118,35,5,29,102,43,15.9,6.7,0.324,0.552,0.379,0.931,0.3,0.489,0.394,0.368,0.361,0.19,87.7,15.2,39.1,6.8
Frazier, Todd,2016,30,590,666,133,72,21,0,40,163,64,24.5,9.6,0.225,0.464,0.302,0.766,0.226,0.436,0.326,0.322,0.305,0.21,89.1,20.5,31.7,10.1
Markakis, Nick,2016,33,599,684,161,110,38,0,13,101,71,14.8,10.4,0.269,0.397,0.346,0.744,0.278,0.421,0.321,0.343,0.36,0.143,90.7,10.7,37.7,4.9
Pedroia, Dustin,2016,33,633,698,201,149,36,1,15,73,61,10.5,8.7,0.318,0.449,0.375,0.824,0.293,0.413,0.358,0.343,0.355,0.12,88.6,8.6,35.3,2.5
Nunez, Eduardo,2016,29,553,595,159,115,24,4,16,88,29,14.8,4.9,0.288,0.432,0.324,0.757,0.26,0.395,0.324,0.308,0.303,0.135,89.6,8.4,28.8,4.4
McCutchen, Andrew,2016,30,598,675,153,100,26,3,24,143,69,21.2,10.2,0.256,0.43,0.336,0.766,0.265,0.466,0.329,0.351,0.347,0.201,89.6,16.5,32.8,8.5
Upton, Justin,2016,29,570,626,140,79,28,2,31,179,50,28.6,8,0.246,0.465,0.31,0.775,0.253,0.486,0.329,0.344,0.317,0.233,91.3,15.6,33.3,12.5
Turner, Justin,2016,32,556,622,153,89,34,3,27,107,48,17.2,7.7,0.275,0.493,0.339,0.832,0.278,0.49,0.353,0.36,0.344,0.212,90.6,17,37.4,8.8
Posey, Buster,2016,29,539,614,155,106,33,2,14,68,64,11.1,10.4,0.288,0.434,0.362,0.796,0.291,0.485,0.341,0.368,0.368,0.195,90.5,10,32.6,6.9
Espinosa, Danny,2016,29,516,601,108,69,15,0,24,174,54,29,9,0.209,0.378,0.303,0.681,0.202,0.372,0.294,0.294,0.306,0.169,90.1,14.8,26.6,8.5
Bruce, Jay,2016,29,539,589,135,69,27,6,33,126,44,21.4,7.5,0.25,0.506,0.309,0.815,0.25,0.473,0.34,0.335,0.311,0.223,89,14.8,35.6,8.7
Votto, Joey,2016,33,556,677,181,116,34,2,29,120,108,17.7,16,0.326,0.55,0.434,0.985,0.304,0.538,0.413,0.406,0.418,0.235,89.6,11.6,40.8,9.7
Gardner, Brett,2016,33,547,634,143,108,22,6,7,106,70,16.7,11,0.261,0.362,0.349,0.711,0.258,0.354,0.317,0.321,0.35,0.096,86.5,7.5,28,2.4
Saunders, Michael,2016,30,490,558,124,65,32,3,24,157,59,28.1,10.6,0.253,0.478,0.337,0.814,0.237,0.413,0.348,0.325,0.326,0.176,90,11.1,33.2,7.7
Braun, Ryan,2016,33,511,564,156,100,23,3,30,98,46,17.4,8.2,0.305,0.538,0.365,0.903,0.285,0.476,0.378,0.358,0.351,0.191,90,4.6,27.2,8.4
Gordon, Alex,2016,32,445,506,98,63,16,2,17,148,52,29.2,10.3,0.22,0.38,0.312,0.692,0.231,0.428,0.303,0.329,0.323,0.197,87.8,15.2,35.2,8.7
Kemp, Matt,2016,32,623,672,167,93,39,0,35,156,36,23.2,5.4,0.268,0.499,0.304,0.803,0.266,0.521,0.333,0.349,0.305,0.255,88.2,14.6,37.2,11.1
Andrus, Elvis,2016,28,506,568,153,107,31,7,8,70,47,12.3,8.3,0.302,0.439,0.359,0.798,0.285,0.392,0.344,0.331,0.349,0.107,87.4,9,32.4,1.8
Cabrera, Melky,2016,32,591,646,175,114,42,5,14,69,47,10.7,7.3,0.296,0.455,0.344,0.799,0.281,0.392,0.342,0.321,0.333,0.112,89.5,11.2,33.6,2.1
Ramos, Wilson,2016,29,482,523,148,101,25,0,22,79,35,15.1,6.7,0.307,0.496,0.354,0.85,0.281,0.486,0.361,0.356,0.333,0.205,90.8,4.9,32.9,7.4
Santana, Carlos,2016,30,582,688,151,83,31,3,34,99,99,14.4,14.4,0.259,0.498,0.366,0.865,0.275,0.516,0.37,0.388,0.382,0.24,90.8,14.4,29.3,9.8
Gonzalez, Carlos,2016,31,584,632,174,105,42,2,25,129,46,20.4,7.3,0.298,0.505,0.35,0.855,0.278,0.468,0.361,0.345,0.332,0.19,90.2,8.8,32.5,8.6
Mercer, Jordy,2016,30,519,584,133,97,22,3,11,83,51,14.2,8.7,0.256,0.374,0.324,0.697,0.25,0.357,0.303,0.306,0.326,0.107,86.9,11.1,27.9,2.2
Belt, Brandon,2016,28,542,655,149,83,41,8,17,148,104,22.6,15.9,0.275,0.474,0.394,0.868,0.268,0.499,0.374,0.388,0.393,0.231,87.3,21.3,42.7,11.3
Carter, Chris,2016,30,549,644,122,53,27,1,41,206,76,32,11.8,0.222,0.499,0.321,0.821,0.238,0.534,0.346,0.37,0.337,0.295,91.7,18.5,36.3,17.6
Alonso, Yonder,2016,29,482,532,122,81,34,0,7,74,45,13.9,8.5,0.253,0.367,0.316,0.683,0.263,0.409,0.299,0.325,0.328,0.146,88.6,11.2,33.3,4.1
Escobar, Yunel,2016,34,517,567,157,123,28,1,5,67,40,11.8,7.1,0.304,0.391,0.353,0.743,0.283,0.391,0.327,0.326,0.338,0.107,89.3,1.9,28.4,2.8
Cespedes, Yoenis,2016,31,479,543,134,77,25,1,31,108,51,19.9,9.4,0.28,0.53,0.354,0.884,0.283,0.528,0.369,0.377,0.359,0.245,91.8,16.3,32.6,9.8
Ramirez, Alexei,2016,35,478,506,115,85,22,2,6,63,21,12.5,4.2,0.241,0.333,0.277,0.609,0.244,0.304,0.264,0.263,0.281,0.06,84.5,9.2,30.9,0.5
Davis, Khris,2016,29,555,610,137,69,24,2,42,166,42,27.2,6.9,0.247,0.524,0.307,0.831,0.253,0.563,0.349,0.371,0.315,0.31,92,13.4,31.5,17
Martinez, J.D.,2016,29,460,517,141,82,35,2,22,128,49,24.8,9.5,0.307,0.535,0.373,0.908,0.295,0.576,0.384,0.402,0.367,0.281,91.5,13.4,38,14.2
Valencia, Danny,2016,32,471,517,135,95,22,1,17,115,41,22.2,7.9,0.287,0.446,0.346,0.792,0.282,0.472,0.342,0.353,0.343,0.19,90.1,9.8,35.2,7.8
Murphy, Daniel,2016,31,531,582,184,107,47,5,25,57,35,9.8,6,0.347,0.595,0.39,0.985,0.326,0.573,0.408,0.406,0.377,0.248,90.7,16.8,36.5,8.5
Goldschmidt, Paul,2016,29,579,705,172,112,33,3,24,150,110,21.3,15.6,0.297,0.489,0.41,0.899,0.277,0.467,0.382,0.373,0.396,0.19,91,11.1,33.2,7.8
Gonzalez, Marwin,2016,27,484,518,123,81,26,3,13,118,22,22.8,4.2,0.254,0.401,0.29,0.69,0.235,0.392,0.298,0.292,0.277,0.157,89.3,9.4,30.3,5.4
Altuve, Jose,2016,26,640,717,216,145,42,5,24,70,60,9.8,8.4,0.338,0.531,0.395,0.926,0.326,0.537,0.391,0.396,0.389,0.212,88.3,11.4,39.5,6.9
Hernandez, Cesar,2016,26,547,622,161,130,14,11,6,116,66,18.6,10.6,0.294,0.393,0.368,0.761,0.272,0.357,0.335,0.323,0.356,0.085,87,5,29.9,1.8
Segura, Jean,2016,26,637,694,203,135,41,7,20,101,39,14.6,5.6,0.319,0.499,0.366,0.865,0.285,0.471,0.371,0.353,0.338,0.186,89,7.8,31,5.9
Castro, Starlin,2016,26,577,610,156,105,29,1,21,118,24,19.3,3.9,0.27,0.433,0.3,0.733,0.266,0.424,0.313,0.316,0.298,0.158,88.5,9,32.3,5.4
Marte, Starling,2016,28,489,529,152,104,34,5,9,104,23,19.7,4.3,0.311,0.456,0.361,0.817,0.284,0.441,0.351,0.34,0.338,0.157,87.5,9.2,35.8,5.4
Donaldson, Josh,2016,31,577,700,164,90,32,5,37,119,109,17,15.6,0.284,0.549,0.403,0.952,0.285,0.564,0.403,0.412,0.406,0.279,92.3,14.8,32.4,12.5
Freeman, Freddie,2016,27,589,693,178,95,43,6,34,171,89,24.7,12.8,0.302,0.569,0.4,0.968,0.284,0.576,0.401,0.404,0.388,0.292,91.3,17.2,44.9,13.2
Heyward, Jason,2016,27,530,592,122,87,27,1,7,93,54,15.7,9.1,0.23,0.325,0.306,0.63,0.256,0.354,0.282,0.31,0.331,0.098,86.7,10.6,28.6,2.7
LeMahieu, DJ,2016,28,552,635,192,141,32,8,11,80,66,12.6,10.4,0.348,0.495,0.411,0.906,0.342,0.5,0.391,0.401,0.414,0.158,91.7,5.9,36.2,4.9
Lucroy, Jonathan,2016,30,490,544,143,92,24,3,24,100,47,18.4,8.6,0.292,0.5,0.355,0.855,0.278,0.474,0.361,0.352,0.344,0.196,87.6,14.3,37.6,7.4
Moreland, Mitch,2016,31,460,503,107,64,21,0,22,118,35,23.5,7,0.233,0.422,0.298,0.72,0.257,0.477,0.307,0.342,0.321,0.22,90.5,14.6,33.6,9.6
Rizzo, Anthony,2016,27,583,676,170,91,43,4,32,108,74,16,10.9,0.292,0.544,0.385,0.928,0.269,0.492,0.391,0.37,0.367,0.223,89.1,16.2,31.8,9.2
Vogt, Stephen,2016,32,490,532,123,77,30,2,14,83,35,15.6,6.6,0.251,0.406,0.305,0.711,0.259,0.417,0.305,0.316,0.312,0.158,85.9,19.4,40.7,5.1
Galvis, Freddy,2016,27,584,624,141,92,26,3,20,136,25,21.8,4,0.241,0.399,0.271,0.67,0.233,0.35,0.284,0.269,0.269,0.116,87.4,13.6,34.1,2.8
Perez, Salvador,2016,26,514,546,127,75,28,2,22,119,22,21.8,4,0.247,0.438,0.288,0.725,0.239,0.4,0.308,0.295,0.281,0.161,88.8,18.9,29.7,6.3
Forsythe, Logan,2016,29,511,567,135,87,24,4,20,127,46,22.4,8.1,0.264,0.444,0.333,0.778,0.277,0.488,0.336,0.361,0.345,0.211,90,13.6,38.9,7.5
Inciarte, Ender,2016,26,522,578,152,118,24,7,3,68,45,11.8,7.8,0.291,0.381,0.348,0.729,0.267,0.336,0.319,0.3,0.33,0.069,85.5,8.2,31.5,0.7
Ozuna, Marcell,2016,26,557,608,148,96,23,6,23,115,43,18.9,7.1,0.266,0.452,0.321,0.773,0.282,0.476,0.33,0.352,0.337,0.194,90.8,10.8,32.3,7.8
Villar, Jonathan,2016,25,589,679,168,108,38,3,19,174,79,25.6,11.6,0.285,0.457,0.367,0.823,0.248,0.387,0.356,0.325,0.341,0.14,90.3,4.7,28.8,6.4
Crawford, Brandon,2016,29,553,623,152,101,28,11,12,115,57,18.5,9.1,0.275,0.43,0.342,0.772,0.254,0.419,0.327,0.327,0.33,0.164,88.9,12.8,33.8,5.6
Harrison, Josh,2016,29,487,522,138,102,25,7,4,76,18,14.6,3.4,0.283,0.388,0.308,0.697,0.255,0.378,0.301,0.291,0.286,0.123,86.5,13,36.4,2.1
Hosmer, Eric,2016,27,605,667,161,111,24,1,25,132,57,19.8,8.5,0.266,0.433,0.328,0.761,0.268,0.455,0.326,0.344,0.333,0.187,92,4,26,9.2
Kipnis, Jason,2016,29,610,688,168,100,41,4,23,146,60,21.2,8.7,0.275,0.469,0.34,0.809,0.273,0.457,0.347,0.351,0.344,0.184,89.9,14.8,38.2,6.7
Miller, Brad,2016,27,548,601,133,68,29,6,30,149,47,24.8,7.8,0.243,0.482,0.304,0.786,0.247,0.442,0.333,0.328,0.31,0.196,90.5,12.1,29.4,9.7
Rendon, Anthony,2016,26,567,647,153,93,38,2,20,117,65,18.1,10,0.27,0.45,0.348,0.797,0.271,0.46,0.342,0.355,0.354,0.189,91.1,16.9,35.6,5.9
Semien, Marcus,2016,26,568,621,135,79,27,2,27,139,51,22.4,8.2,0.238,0.435,0.3,0.734,0.224,0.41,0.315,0.304,0.289,0.186,88,15.4,31.8,6.7
Shaw, Travis,2016,26,480,530,116,64,34,2,16,133,43,25.1,8.1,0.242,0.421,0.306,0.726,0.237,0.425,0.31,0.313,0.302,0.189,88.7,16.1,34.2,8
Springer, George,2016,27,644,744,168,105,29,5,29,178,88,23.9,11.8,0.261,0.457,0.359,0.815,0.261,0.469,0.353,0.362,0.36,0.209,89.4,8.7,32.1,10.5
Gregorius, Didi,2016,26,562,597,155,101,32,2,20,82,19,13.7,3.2,0.276,0.447,0.302,0.748,0.251,0.36,0.319,0.281,0.282,0.108,86.1,14.5,32.7,2.9
Trout, Mike,2016,25,549,681,173,107,32,5,29,137,116,20.1,17,0.315,0.55,0.441,0.991,0.309,0.583,0.418,0.435,0.441,0.274,91,13.8,38.1,14.6
Herrera, Odubel,2016,25,583,656,167,125,21,6,15,134,63,20.4,9.6,0.286,0.42,0.36,0.78,0.245,0.365,0.338,0.307,0.326,0.121,87.8,10.3,30.7,4.2
Harper, Bryce,2016,24,506,627,123,73,24,2,24,117,108,18.7,17.2,0.243,0.441,0.373,0.814,0.255,0.446,0.343,0.358,0.388,0.191,88.9,15,30.3,7.3
Martin, Leonys,2016,28,518,576,128,93,17,3,15,149,44,25.9,7.6,0.247,0.378,0.304,0.682,0.227,0.339,0.298,0.286,0.293,0.111,87.6,12.8,30.3,5
Abreu, Jose,2016,29,624,695,183,125,32,1,25,125,47,18,6.8,0.293,0.468,0.353,0.82,0.284,0.473,0.349,0.356,0.347,0.189,89.7,10.3,32.7,7.9
Suarez, Eugenio,2016,25,565,627,140,92,25,2,21,155,51,24.7,8.1,0.248,0.411,0.317,0.728,0.239,0.399,0.316,0.314,0.311,0.16,86.7,15.9,38,6.3
Polanco, Gregory,2016,25,527,587,136,76,34,4,22,119,53,20.3,9,0.258,0.463,0.322,0.785,0.273,0.442,0.331,0.341,0.34,0.17,89.9,14.1,34.5,6
Schoop, Jonathan,2016,25,615,647,164,100,38,1,25,137,21,21.2,3.2,0.267,0.454,0.298,0.752,0.254,0.409,0.32,0.305,0.287,0.156,87.3,11.9,29.3,6.7
Arenado, Nolan,2016,25,618,696,182,100,35,6,41,103,68,14.8,9.8,0.294,0.57,0.362,0.932,0.266,0.483,0.386,0.352,0.34,0.217,89.5,18.6,32.7,9
Gennett, Scooter,2016,26,498,542,131,86,30,1,14,114,38,21,7,0.263,0.412,0.315,0.727,0.232,0.347,0.315,0.285,0.29,0.115,86.9,12.2,34.4,3.9
Lamb, Jake,2016,26,523,594,130,61,31,9,29,154,64,25.9,10.8,0.249,0.509,0.332,0.84,0.25,0.474,0.352,0.35,0.336,0.224,91.3,10.4,34.6,11.5
Myers, Wil,2016,26,599,676,155,94,29,4,28,160,68,23.7,10.1,0.259,0.461,0.336,0.797,0.259,0.44,0.341,0.343,0.339,0.181,88.6,10,36.7,7
Piscotty, Stephen,2016,25,582,649,159,99,35,3,22,133,51,20.5,7.9,0.273,0.457,0.342,0.799,0.269,0.471,0.345,0.354,0.341,0.202,88.3,13.7,33,8.6
Seager, Kyle,2016,29,597,676,166,97,36,3,30,108,69,16,10.2,0.278,0.499,0.359,0.859,0.296,0.521,0.363,0.385,0.378,0.225,90.4,16.8,36.5,9
Carpenter, Matt,2016,31,473,566,128,65,36,6,21,108,81,19.1,14.3,0.271,0.505,0.378,0.883,0.29,0.553,0.375,0.405,0.4,0.263,90.7,18.1,42.5,11.3
Dickerson, Corey,2016,27,510,548,125,62,36,3,24,134,33,24.5,6,0.245,0.469,0.292,0.761,0.237,0.45,0.319,0.314,0.286,0.213,89,18,34.1,11.1
Dozier, Brian,2016,29,615,691,165,83,35,5,42,138,61,20,8.8,0.268,0.546,0.339,0.885,0.236,0.46,0.37,0.332,0.313,0.224,88.1,18.8,31.2,8.3
Iglesias, Jose,2016,26,467,513,119,89,26,0,4,50,28,9.7,5.5,0.255,0.336,0.302,0.638,0.258,0.321,0.283,0.287,0.311,0.063,83.6,8.3,29.5,0.7
Hechavarria, Adeiny,2016,27,508,547,120,94,17,6,3,73,33,13.3,6,0.236,0.311,0.282,0.593,0.28,0.373,0.256,0.308,0.326,0.093,88.1,8,29.8,1.1
Bryant, Kris,2016,24,603,699,176,99,35,3,39,154,75,22,10.7,0.292,0.554,0.385,0.939,0.268,0.547,0.396,0.388,0.366,0.278,89.3,20.7,36.3,11.7
Machado, Manny,2016,24,640,696,188,110,40,1,37,120,48,17.2,6.9,0.294,0.533,0.343,0.876,0.294,0.528,0.366,0.372,0.346,0.235,90.3,14.6,35,9.3
Realmuto, J.T.,2016,25,509,545,154,112,31,0,11,100,28,18.3,5.1,0.303,0.428,0.343,0.771,0.274,0.394,0.333,0.315,0.318,0.12,88.6,9.8,28.4,3.9
Yelich, Christian,2016,25,578,659,172,110,38,3,21,138,72,20.9,10.9,0.298,0.483,0.376,0.859,0.312,0.52,0.367,0.396,0.394,0.208,92.6,2.7,31.9,9.7
Bogaerts, Xander,2016,24,652,719,192,136,34,1,21,123,58,17.1,8.1,0.294,0.446,0.356,0.802,0.261,0.408,0.348,0.326,0.328,0.147,89,11,28,5.3
Calhoun, Kole,2016,29,594,672,161,103,35,5,18,118,67,17.6,10,0.271,0.438,0.348,0.786,0.273,0.458,0.34,0.355,0.353,0.185,89.7,14.9,36.2,6.2
Duvall, Adam,2016,28,552,608,133,63,31,6,33,164,41,27,6.7,0.241,0.498,0.296,0.794,0.251,0.494,0.333,0.342,0.307,0.243,88.5,19.2,35.9,11.9
Eaton, Adam,2016,28,619,706,176,124,29,9,14,115,63,16.3,8.9,0.284,0.428,0.358,0.786,0.275,0.408,0.344,0.341,0.357,0.132,89,5,31.1,3.1
Lindor, Francisco,2016,23,604,684,182,134,30,3,15,88,57,12.9,8.3,0.301,0.435,0.357,0.792,0.291,0.425,0.34,0.345,0.354,0.134,88.7,7.9,34.6,4.1
Odor, Rougned,2016,22,605,632,164,94,33,4,33,135,19,21.4,3,0.271,0.502,0.296,0.798,0.255,0.463,0.336,0.324,0.284,0.208,89.6,14.3,31.4,7.8
Cuthbert, Cheslor,2016,24,475,510,130,89,28,1,12,96,32,18.8,6.3,0.274,0.413,0.318,0.73,0.238,0.336,0.316,0.278,0.285,0.099,89.3,12.4,27,2.4
Franco, Maikel,2016,24,581,630,148,99,23,1,25,106,40,16.8,6.3,0.255,0.427,0.306,0.733,0.262,0.43,0.311,0.324,0.316,0.167,89.5,11.8,28.6,6.7
Bradley Jr., Jackie,2016,26,558,636,149,86,30,7,26,143,63,22.5,9.9,0.267,0.486,0.349,0.835,0.251,0.449,0.354,0.344,0.338,0.198,90.3,10.1,29,8.6
Betts, Mookie,2016,24,672,730,214,136,42,5,31,80,49,11,6.7,0.318,0.534,0.363,0.897,0.286,0.456,0.379,0.347,0.337,0.17,89.8,12.5,31.9,5.2
Panik, Joe,2016,26,464,526,111,73,21,7,10,47,50,8.9,9.5,0.239,0.379,0.314,0.693,0.259,0.405,0.3,0.328,0.338,0.147,86.3,12.8,30.6,4.5
Pillar, Kevin,2016,27,548,584,146,102,35,2,7,90,24,15.4,4.1,0.266,0.376,0.301,0.677,0.261,0.366,0.295,0.297,0.3,0.105,87.1,11.5,27.8,3
Ramirez, Jose,2016,24,565,618,176,116,46,3,11,62,44,10,7.1,0.312,0.462,0.362,0.824,0.294,0.426,0.355,0.342,0.349,0.132,88.4,13.2,35,3
Russell, Addison,2016,22,525,598,125,76,25,3,21,135,55,22.6,9.2,0.238,0.417,0.321,0.738,0.239,0.421,0.316,0.323,0.323,0.182,87.6,15.2,32.3,9.3
Seager, Corey,2016,22,627,687,193,122,40,5,26,133,54,19.4,7.9,0.308,0.512,0.365,0.877,0.308,0.528,0.372,0.385,0.367,0.22,91,10.3,37.5,8.3
Mazara, Nomar,2016,21,516,568,137,101,13,3,20,112,39,19.7,6.9,0.266,0.419,0.32,0.739,0.266,0.433,0.318,0.334,0.325,0.167,88,8.4,32.6,6.8
Garcia, Adonis,2016,31,532,563,145,102,29,0,14,93,24,16.5,4.3,0.273,0.406,0.311,0.717,0.281,0.426,0.308,0.326,0.32,0.145,89,7.9,30.1,5.2
Correa, Carlos,2016,22,577,660,158,99,36,3,20,139,75,21.1,11.4,0.274,0.451,0.361,0.811,0.289,0.486,0.349,0.374,0.376,0.196,91,6.9,33.1,7.7
Tomas, Yasmany,2016,26,530,563,144,82,30,1,31,136,31,24.2,5.5,0.272,0.508,0.313,0.82,0.276,0.493,0.345,0.348,0.318,0.217,90.6,9.9,33.7,10.6
Hunter, Torii,2015,40,521,567,125,81,22,0,22,105,35,18.5,6.2,0.24,0.409,0.293,0.702,0.236,0.385,0.304,0.302,0.291,0.149,88.4,10.6,28.5,5
Ortiz, David,2015,40,528,614,144,70,37,0,37,95,77,15.5,12.5,0.273,0.553,0.36,0.913,0.304,0.619,0.379,0.423,0.39,0.316,93,15.7,34.8,13.1
Rodriguez, Alex,2015,40,523,620,131,75,22,1,33,145,84,23.4,13.5,0.25,0.486,0.356,0.842,0.246,0.494,0.361,0.368,0.354,0.248,91.3,12.2,31.4,10.9
Ramirez, Aramis,2015,37,475,516,117,68,31,1,17,68,31,13.2,6,0.246,0.423,0.297,0.72,0.243,0.411,0.309,0.309,0.296,0.168,87.4,15.8,33.5,5.6
Beltre, Adrian,2015,36,567,619,163,109,32,4,18,65,41,10.5,6.6,0.287,0.453,0.334,0.788,0.302,0.494,0.337,0.37,0.352,0.192,89.5,12.6,35.9,5.5
Beltran, Carlos,2015,38,478,531,132,78,34,1,19,85,45,16,8.5,0.276,0.471,0.337,0.808,0.277,0.457,0.346,0.351,0.343,0.179,90.6,15.4,33.8,5.8
Rollins, Jimmy,2015,37,517,563,116,76,24,3,13,86,44,15.3,7.8,0.224,0.358,0.284,0.642,0.238,0.35,0.283,0.294,0.301,0.112,85.8,16.4,31.9,2.5
Pujols, Albert,2015,35,602,661,147,85,22,0,40,72,50,10.9,7.6,0.244,0.48,0.307,0.787,0.271,0.488,0.333,0.353,0.332,0.218,90.7,14.2,29.5,7.7
Byrd, Marlon,2015,38,506,544,125,72,25,5,23,145,29,26.7,5.3,0.247,0.453,0.29,0.743,0.24,0.432,0.317,0.311,0.286,0.192,86.3,12.2,33.9,8.2
Mauer, Joe,2015,32,592,666,157,111,34,2,10,112,67,16.8,10.1,0.265,0.38,0.338,0.718,0.283,0.439,0.31,0.349,0.358,0.157,89.6,4.3,33.3,3.7
Cabrera, Miguel,2015,32,429,511,145,98,28,1,18,82,77,16,15.1,0.338,0.534,0.44,0.974,0.323,0.599,0.413,0.436,0.43,0.276,93.7,12.3,35.8,10.6
Gonzalez, Adrian,2015,33,571,643,157,96,33,0,28,107,62,16.6,9.6,0.275,0.48,0.35,0.83,0.283,0.508,0.354,0.374,0.361,0.225,88.7,14.2,40.5,8.1
Phillips, Brandon,2015,34,588,623,173,140,19,2,12,68,27,10.9,4.3,0.294,0.395,0.327,0.722,0.291,0.397,0.315,0.322,0.327,0.105,86.2,10.6,32.6,2.3
Reyes, Jose,2015,32,481,519,132,98,25,2,7,62,26,11.9,5,0.274,0.378,0.304,0.683,0.245,0.303,0.3,0.268,0.285,0.058,84.6,13.3,28.1,0.2
Peralta, Jhonny,2015,33,579,640,159,115,26,1,17,111,50,17.3,7.8,0.275,0.411,0.334,0.745,0.275,0.429,0.322,0.335,0.338,0.154,88.1,13.2,35.2,4.4
Choo, Shin-Soo,2015,33,555,653,153,96,32,3,22,147,76,22.5,11.6,0.276,0.463,0.374,0.837,0.257,0.451,0.365,0.363,0.363,0.194,90.9,7.5,33.5,8.4
Molina, Yadier,2015,33,488,530,132,103,23,2,4,59,32,11.1,6,0.27,0.35,0.309,0.66,0.244,0.341,0.287,0.28,0.288,0.097,86.3,10.4,32.3,2.3
Fielder, Prince,2015,31,613,693,187,136,28,0,23,88,64,12.7,9.2,0.305,0.463,0.378,0.841,0.275,0.459,0.36,0.353,0.354,0.184,90.9,9.9,29.4,6.4
Cano, Robinson,2015,33,624,674,179,123,34,1,21,107,43,15.9,6.4,0.287,0.446,0.334,0.779,0.295,0.477,0.335,0.359,0.344,0.181,91,5.4,32.2,7.1
Encarnacion, Edwin,2015,32,528,624,146,76,31,0,39,98,77,15.7,12.3,0.277,0.557,0.372,0.929,0.269,0.527,0.391,0.386,0.369,0.258,90.1,16.7,31.1,10
Howard, Ryan,2015,36,467,503,107,54,29,1,23,138,27,27.4,5.4,0.229,0.443,0.276,0.72,0.272,0.526,0.308,0.365,0.319,0.254,91.3,14.9,42.5,11.7
Bautista, Jose,2015,35,543,666,136,64,29,3,40,106,110,15.9,16.5,0.25,0.536,0.377,0.913,0.262,0.516,0.388,0.392,0.389,0.254,92,16.8,29.9,12.6
Jones, Adam,2015,30,546,581,147,92,25,3,27,102,24,17.6,4.1,0.269,0.474,0.308,0.782,0.27,0.487,0.334,0.345,0.31,0.216,88.3,11.2,27.7,9.2
Aybar, Erick,2015,31,597,638,161,127,30,1,3,73,25,11.4,3.9,0.27,0.338,0.298,0.636,0.281,0.361,0.28,0.303,0.315,0.08,85.7,6.6,31.3,0.9
Martin, Russell,2015,32,441,507,106,58,23,2,23,106,53,20.9,10.5,0.24,0.458,0.329,0.787,0.239,0.422,0.34,0.34,0.333,0.183,89.3,9.2,26.8,8.2
Granderson, Curtis,2015,34,580,682,150,89,33,2,26,151,91,22.1,13.3,0.259,0.457,0.364,0.821,0.261,0.47,0.357,0.369,0.369,0.208,89.4,18.3,40.6,8.3
Pagan, Angel,2015,34,512,551,134,107,21,3,3,93,32,16.9,5.8,0.262,0.332,0.303,0.635,0.258,0.342,0.28,0.289,0.302,0.084,86.2,11.5,32.7,0.7
Morales, Kendrys,2015,32,569,639,165,100,41,2,22,103,58,16.1,9.1,0.29,0.485,0.362,0.847,0.286,0.507,0.364,0.377,0.361,0.221,91.9,10.1,34,8.9
Kinsler, Ian,2015,33,624,675,185,132,35,7,11,80,43,11.9,6.4,0.296,0.428,0.342,0.77,0.277,0.393,0.334,0.319,0.325,0.116,86.1,17.8,37,2.7
McCann, Brian,2015,31,465,535,108,66,15,1,26,97,52,18.1,9.7,0.232,0.437,0.32,0.756,0.223,0.392,0.327,0.315,0.316,0.169,89.5,17.4,29.1,5.3
Walker, Neil,2015,30,543,603,146,95,32,3,16,110,44,18.2,7.3,0.269,0.427,0.328,0.756,0.253,0.421,0.325,0.322,0.316,0.168,88.9,14,33.1,4.8
Desmond, Ian,2015,30,583,641,136,88,27,2,19,187,45,29.2,7,0.233,0.384,0.287,0.671,0.226,0.371,0.294,0.292,0.285,0.145,90.8,6.4,25.9,6.9
Cruz, Nelson,2015,35,590,655,178,111,22,1,44,164,59,25,9,0.302,0.566,0.369,0.936,0.289,0.551,0.396,0.39,0.36,0.262,92.6,9.2,35.4,14.1
Trumbo, Mark,2015,29,508,545,133,85,23,3,22,132,36,24.2,6.6,0.262,0.449,0.31,0.759,0.256,0.45,0.327,0.329,0.305,0.194,92,13.1,31,9.8
Peralta, David,2015,28,462,517,144,91,26,10,17,107,44,20.7,8.5,0.312,0.522,0.371,0.893,0.282,0.456,0.38,0.357,0.353,0.174,91.6,6.7,35.1,7.7
Escobar, Alcides,2015,29,612,662,157,129,20,5,3,75,26,11.3,3.9,0.257,0.32,0.289,0.609,0.27,0.343,0.27,0.293,0.308,0.072,84.6,9.5,30.6,0.9
Prado, Martin,2015,32,500,551,144,111,22,2,9,68,37,12.3,6.7,0.288,0.394,0.338,0.732,0.278,0.382,0.317,0.32,0.335,0.104,89,9.1,33.8,2.3
Duda, Lucas,2015,29,471,554,115,55,33,0,27,138,66,24.9,11.9,0.244,0.486,0.352,0.838,0.254,0.503,0.359,0.373,0.362,0.249,91.7,19.8,40.2,11.6
Longoria, Evan,2015,30,604,670,163,106,35,1,21,132,51,19.7,7.6,0.27,0.435,0.328,0.764,0.263,0.473,0.326,0.345,0.325,0.211,89.6,15.5,33.5,8.5
Davis, Chris,2015,29,573,670,150,72,31,0,47,208,84,31,12.5,0.262,0.562,0.361,0.923,0.265,0.597,0.39,0.408,0.366,0.332,92.1,17.5,40,17.6
Zobrist, Ben,2015,34,467,535,129,77,36,3,13,56,62,10.5,11.6,0.276,0.45,0.359,0.809,0.265,0.391,0.349,0.332,0.351,0.127,88.6,8.3,29.3,3.6
Fowler, Dexter,2015,29,596,690,149,95,29,8,17,154,84,22.3,12.2,0.25,0.411,0.345,0.756,0.23,0.347,0.333,0.308,0.33,0.117,87.1,12.3,31.5,4.5
Headley, Chase,2015,31,580,642,150,109,29,1,11,135,51,21,7.9,0.259,0.369,0.324,0.693,0.267,0.411,0.306,0.333,0.334,0.145,86.8,11.9,36.7,5.1
Lind, Adam,2015,32,502,572,139,87,32,0,20,100,66,17.5,11.5,0.277,0.46,0.36,0.82,0.242,0.42,0.35,0.329,0.332,0.178,89.5,10.8,31.4,7.2
Cabrera, Asdrubal,2015,30,505,551,134,86,28,5,15,107,36,19.4,6.5,0.265,0.43,0.314,0.744,0.23,0.394,0.319,0.3,0.286,0.164,88.3,17.3,32.1,5.4
Tulowitzki, Troy,2015,31,486,534,136,92,27,0,17,114,38,21.3,7.1,0.28,0.44,0.337,0.777,0.259,0.421,0.335,0.323,0.319,0.162,89.9,12.8,31.4,5.3
Blackmon, Charlie,2015,29,614,682,176,119,31,9,17,112,46,16.4,6.7,0.287,0.45,0.345,0.794,0.267,0.401,0.345,0.326,0.333,0.134,86.7,15.1,35.2,3.7
Frazier, Todd,2015,29,619,678,158,79,43,1,35,137,44,20.2,6.5,0.255,0.498,0.308,0.806,0.254,0.472,0.343,0.339,0.311,0.218,89.7,18.8,31.9,9
Markakis, Nick,2015,32,612,686,181,139,38,1,3,83,70,12.1,10.2,0.296,0.376,0.37,0.746,0.266,0.347,0.327,0.309,0.345,0.08,88.3,6.8,30.4,0.8
Butler, Billy,2015,29,538,601,135,91,28,1,15,101,52,16.8,8.7,0.251,0.39,0.323,0.713,0.252,0.45,0.311,0.343,0.327,0.197,89.3,8.6,30.8,7.5
Cain, Lorenzo,2015,29,551,604,169,113,34,6,16,98,37,16.2,6.1,0.307,0.477,0.361,0.838,0.308,0.483,0.36,0.371,0.365,0.175,90.2,9.5,35.4,5.5
McCutchen, Andrew,2015,29,566,685,165,103,36,3,23,133,98,19.4,14.3,0.292,0.488,0.401,0.889,0.294,0.535,0.38,0.407,0.408,0.241,90.7,13.7,41,9.3
Jackson, Austin,2015,28,491,527,131,94,25,3,9,126,29,23.9,5.5,0.267,0.385,0.309,0.694,0.267,0.388,0.305,0.312,0.312,0.122,89.5,7.2,34.7,3.8
Upton, Justin,2015,28,542,620,136,81,26,3,26,159,68,25.6,11,0.251,0.454,0.335,0.789,0.236,0.439,0.34,0.336,0.327,0.203,89.9,16.2,28.6,10.3
Maybin, Cameron,2015,28,505,555,135,105,18,2,10,102,45,18.4,8.1,0.267,0.37,0.326,0.696,0.279,0.379,0.307,0.322,0.339,0.1,88.1,2.1,26.8,2.7
Posey, Buster,2015,28,557,623,177,130,28,0,19,52,56,8.3,9,0.318,0.47,0.379,0.849,0.31,0.504,0.363,0.381,0.377,0.194,89,10.6,33.6,6.1
Bruce, Jay,2015,28,580,649,131,66,35,4,26,145,58,22.3,8.9,0.226,0.434,0.294,0.729,0.247,0.454,0.309,0.333,0.317,0.207,89.7,15.5,34.2,8.1
Votto, Joey,2015,32,545,695,171,107,33,2,29,135,143,19.4,20.6,0.314,0.541,0.459,1,0.29,0.546,0.427,0.426,0.444,0.256,90.1,11.4,42.2,10.7
Coghlan, Chris,2015,30,440,503,110,63,25,6,16,94,58,18.7,11.5,0.25,0.443,0.34,0.783,0.247,0.411,0.337,0.331,0.34,0.164,88.5,11.1,32.8,5.5
Gardner, Brett,2015,32,571,656,148,103,26,3,16,135,68,20.6,10.4,0.259,0.399,0.338,0.738,0.262,0.406,0.327,0.339,0.351,0.144,88.8,11,31.5,4
Braun, Ryan,2015,32,506,568,144,89,27,3,25,115,54,20.2,9.5,0.285,0.498,0.356,0.854,0.285,0.513,0.366,0.379,0.359,0.228,92.2,7.6,31.7,10.7
Moss, Brandon,2015,32,469,526,106,61,24,2,19,148,49,28.1,9.3,0.226,0.407,0.304,0.711,0.239,0.478,0.308,0.345,0.321,0.239,89.1,19.8,34.9,11.7
Kemp, Matt,2015,31,596,648,158,101,31,3,23,147,39,22.7,6,0.265,0.443,0.312,0.755,0.265,0.47,0.325,0.344,0.315,0.205,89.5,12.1,34.4,8.3
Plouffe, Trevor,2015,29,573,632,140,79,35,4,22,124,50,19.6,7.9,0.244,0.435,0.307,0.742,0.254,0.45,0.321,0.337,0.317,0.197,89.9,13.7,33.5,7.9
Andrus, Elvis,2015,27,596,661,154,111,34,2,7,78,46,11.8,7,0.258,0.357,0.306,0.663,0.255,0.345,0.292,0.296,0.311,0.089,87.3,10,28.4,1.5
Cervelli, Francisco,2015,29,451,510,133,104,17,5,7,94,46,18.4,9,0.295,0.401,0.367,0.768,0.261,0.401,0.341,0.332,0.34,0.141,88.2,6.9,33.1,4.1
Cabrera, Melky,2015,31,629,683,172,122,36,2,12,88,40,12.9,5.9,0.273,0.394,0.313,0.708,0.278,0.378,0.306,0.313,0.322,0.1,89.6,9.7,30.7,2.4
Sandoval, Pablo,2015,29,470,505,115,79,25,1,10,73,25,14.5,5,0.245,0.366,0.291,0.657,0.229,0.359,0.288,0.284,0.278,0.129,88.1,10,28.8,4.8
Ramos, Wilson,2015,28,475,504,109,78,16,0,15,101,21,20,4.2,0.229,0.358,0.258,0.616,0.252,0.416,0.264,0.305,0.282,0.164,90.6,4.4,29.8,6.3
Santana, Carlos,2015,29,550,666,127,77,29,2,19,122,108,18.3,16.2,0.231,0.395,0.357,0.752,0.242,0.411,0.33,0.349,0.371,0.168,89.4,12.4,27.9,7.2
Parra, Gerardo,2015,28,547,589,159,104,36,5,14,92,28,15.6,4.8,0.291,0.452,0.326,0.778,0.26,0.393,0.334,0.307,0.302,0.133,88.1,9.2,32.5,3
Gonzalez, Carlos,2015,30,554,608,150,83,25,2,40,133,46,21.9,7.6,0.271,0.54,0.324,0.864,0.262,0.48,0.363,0.347,0.321,0.218,90.3,9.1,30.6,11
Belt, Brandon,2015,27,492,556,138,82,33,5,18,147,56,26.4,10.1,0.28,0.478,0.356,0.834,0.276,0.511,0.359,0.375,0.356,0.236,89.9,15.9,46.1,10
Brantley, Michael,2015,28,529,596,164,104,45,0,15,51,60,8.6,10.1,0.31,0.48,0.379,0.859,0.298,0.437,0.368,0.356,0.372,0.139,89,9.5,36,3.9
Escobar, Yunel,2015,33,535,591,168,133,25,1,9,70,45,11.8,7.6,0.314,0.415,0.374,0.789,0.29,0.41,0.349,0.344,0.355,0.119,89.7,4.3,30.1,3
Morrison, Logan,2015,28,457,511,103,68,15,3,17,81,47,15.9,9.2,0.225,0.383,0.301,0.684,0.261,0.441,0.298,0.343,0.338,0.18,89.8,11.8,29.3,6.9
Cespedes, Yoenis,2015,30,633,676,184,101,42,6,35,141,33,20.9,4.9,0.291,0.542,0.328,0.87,0.3,0.553,0.367,0.386,0.341,0.254,92.2,12.2,32.4,11.3
Ramirez, Alexei,2015,34,583,622,145,102,33,0,10,68,31,10.9,5,0.249,0.357,0.285,0.641,0.249,0.32,0.279,0.275,0.289,0.071,84.6,8.6,32,1
Solarte, Yangervis,2015,28,526,571,142,91,33,4,14,56,34,9.8,6,0.27,0.428,0.319,0.746,0.255,0.372,0.324,0.305,0.308,0.118,88.1,11.6,29.1,2.1
Martinez, J.D.,2015,28,596,657,168,95,33,2,38,178,53,27.1,8.1,0.282,0.535,0.344,0.879,0.282,0.6,0.372,0.401,0.345,0.318,91.3,16.4,39.9,17.6
Reddick, Josh,2015,28,526,582,143,94,25,4,20,65,49,11.2,8.4,0.272,0.449,0.33,0.779,0.276,0.428,0.338,0.338,0.338,0.152,88.5,14.8,32.5,5
Murphy, Daniel,2015,30,499,538,140,86,38,2,14,38,31,7.1,5.8,0.281,0.449,0.322,0.77,0.29,0.466,0.325,0.343,0.333,0.176,89.9,11.9,32.1,4.9
Goldschmidt, Paul,2015,28,567,695,182,109,38,2,33,151,118,21.7,17,0.321,0.57,0.435,1.004,0.284,0.564,0.417,0.408,0.409,0.281,92.2,13.1,39.2,12.5
Altuve, Jose,2015,25,638,689,200,141,40,4,15,67,33,9.7,4.8,0.313,0.459,0.351,0.81,0.268,0.393,0.347,0.31,0.314,0.125,86.2,11.1,31.2,3.1
Segura, Jean,2015,25,560,584,144,117,16,5,6,93,13,15.9,2.2,0.257,0.336,0.279,0.615,0.246,0.328,0.268,0.266,0.27,0.082,86.9,4.3,25.4,1.3
Castro, Starlin,2015,25,547,578,145,109,23,2,11,91,21,15.7,3.6,0.265,0.375,0.296,0.671,0.248,0.379,0.288,0.291,0.282,0.131,86.3,7.1,28.2,4.3
Marte, Starling,2015,27,579,633,166,115,30,2,19,123,27,19.4,4.3,0.287,0.444,0.335,0.779,0.286,0.473,0.337,0.355,0.34,0.188,87.9,5.5,32.8,6.9
Donaldson, Josh,2015,30,620,711,184,100,41,2,41,133,73,18.7,10.3,0.297,0.568,0.37,0.938,0.287,0.559,0.397,0.4,0.366,0.271,92.5,10.4,31.3,12.2
Heyward, Jason,2015,26,547,610,160,110,33,4,13,90,56,14.8,9.2,0.293,0.439,0.357,0.796,0.267,0.382,0.345,0.322,0.339,0.116,89.2,4.7,23.9,2.8
LeMahieu, DJ,2015,27,564,620,170,138,21,5,6,107,50,17.3,8.1,0.301,0.388,0.356,0.745,0.28,0.389,0.327,0.324,0.341,0.109,90.4,3,32.5,1.9
Moreland, Mitch,2015,30,471,515,131,81,27,0,23,112,32,21.7,6.2,0.278,0.482,0.33,0.812,0.278,0.511,0.348,0.366,0.333,0.233,91.3,11.5,35.4,10.4
Moustakas, Mike,2015,27,549,614,156,99,34,1,22,76,43,12.4,7,0.284,0.47,0.345,0.815,0.266,0.444,0.353,0.344,0.335,0.178,89.4,15.2,30.3,6.4
Norris, Derek,2015,26,515,557,129,80,33,2,14,131,35,23.5,6.3,0.25,0.404,0.305,0.709,0.227,0.337,0.309,0.279,0.285,0.109,87.1,14.1,31.7,2.3
Revere, Ben,2015,27,592,634,181,150,22,7,2,64,32,10.1,5,0.306,0.377,0.339,0.716,0.298,0.363,0.315,0.315,0.336,0.065,83.1,5,34.9,0
Rizzo, Anthony,2015,26,586,701,163,91,38,3,31,105,78,15,11.1,0.278,0.512,0.387,0.899,0.278,0.506,0.384,0.389,0.39,0.228,88.7,17.2,35.7,8
Vogt, Stephen,2015,31,445,511,116,74,21,3,18,97,56,19,11,0.261,0.443,0.341,0.783,0.254,0.411,0.335,0.331,0.34,0.157,87,16.5,34,5.6
Galvis, Freddy,2015,26,559,603,147,121,14,5,7,103,30,17.1,5,0.263,0.343,0.299,0.642,0.247,0.347,0.283,0.284,0.29,0.1,86.1,13.1,33,2.4
Perez, Salvador,2015,25,531,553,138,92,25,0,21,82,13,14.8,2.4,0.26,0.426,0.28,0.706,0.268,0.419,0.3,0.309,0.29,0.151,87.3,12.9,33,5.3
Forsythe, Logan,2015,28,540,615,152,100,33,2,17,111,55,18,8.9,0.281,0.444,0.359,0.804,0.253,0.396,0.349,0.326,0.336,0.143,88.3,15.4,33.8,3.4
Flores, Wilmer,2015,24,483,510,127,89,22,0,16,63,19,12.4,3.7,0.263,0.408,0.294,0.702,0.248,0.356,0.303,0.284,0.284,0.108,86.5,14.2,32.1,1.9
Garcia, Avisail,2015,24,553,601,142,110,17,2,13,141,36,23.5,6,0.257,0.365,0.309,0.675,0.277,0.417,0.295,0.332,0.332,0.14,88.6,6.7,34.4,4.8
Inciarte, Ender,2015,25,524,561,159,121,27,5,6,58,26,10.3,4.6,0.303,0.408,0.337,0.745,0.266,0.342,0.325,0.293,0.307,0.076,85.6,6.8,28.5,1.1
Burns, Billy,2015,26,520,555,153,121,18,9,5,81,26,14.6,4.7,0.294,0.392,0.333,0.726,0.246,0.295,0.317,0.267,0.291,0.049,83,8.3,26.5,0.5
Crawford, Brandon,2015,28,507,561,130,72,33,4,21,119,39,21.2,7,0.256,0.462,0.321,0.782,0.265,0.494,0.332,0.356,0.332,0.229,90.3,8.3,34.2,8.7
Giavotella, Johnny,2015,28,453,502,123,89,25,5,4,59,32,11.8,6.4,0.272,0.375,0.313,0.688,0.262,0.342,0.303,0.296,0.313,0.081,85.8,9.9,30.1,1
Gose, Anthony,2015,25,485,535,123,86,24,8,5,145,45,27.1,8.4,0.254,0.367,0.32,0.687,0.228,0.317,0.304,0.281,0.3,0.089,88.2,6.1,30.4,2.3
Hosmer, Eric,2015,26,599,667,178,122,33,5,18,108,61,16.2,9.1,0.297,0.459,0.363,0.822,0.3,0.482,0.354,0.373,0.369,0.181,89.8,6,29.9,7.1
Kipnis, Jason,2015,28,565,641,171,112,43,7,9,107,57,16.7,8.9,0.303,0.451,0.37,0.821,0.299,0.442,0.355,0.359,0.372,0.143,89.3,9.1,36.1,2.8
Lawrie, Brett,2015,25,562,602,146,98,29,3,16,144,28,23.9,4.7,0.26,0.407,0.297,0.705,0.257,0.409,0.305,0.311,0.298,0.152,90,7.5,30.6,4.7
Semien, Marcus,2015,25,556,601,143,98,23,7,15,132,42,22,7,0.257,0.405,0.309,0.714,0.243,0.39,0.311,0.304,0.298,0.146,87.1,13.5,37.1,4.5
Strange-Gordon, Dee,2015,27,615,653,205,169,24,8,4,91,25,13.9,3.8,0.333,0.418,0.355,0.773,0.274,0.349,0.337,0.293,0.305,0.075,84.4,2.2,28.6,1.1
Wong, Kolten,2015,25,557,613,146,103,28,4,11,95,36,15.5,5.9,0.262,0.386,0.321,0.707,0.27,0.379,0.309,0.319,0.332,0.108,87.5,11.3,32.1,3
Gregorius, Didi,2015,25,525,578,139,104,24,2,9,85,33,14.7,5.7,0.265,0.37,0.317,0.686,0.257,0.344,0.303,0.298,0.314,0.087,85.4,10.5,33.2,1.6
Trout, Mike,2015,24,575,682,172,93,32,6,41,158,92,23.2,13.5,0.299,0.59,0.402,0.991,0.304,0.598,0.415,0.43,0.411,0.293,92.9,13.9,39.1,16.4
Herrera, Odubel,2015,24,495,537,147,106,30,3,8,129,28,24,5.2,0.297,0.418,0.341,0.759,0.248,0.362,0.333,0.296,0.301,0.115,88.7,7.3,32.8,3.2
Harper, Bryce,2015,23,521,654,172,91,38,1,42,131,124,20,19,0.33,0.649,0.46,1.109,0.294,0.549,0.461,0.423,0.435,0.255,91.4,14.7,37.1,12.9
Abreu, Jose,2015,28,613,668,178,111,34,3,30,140,39,21,5.8,0.29,0.502,0.347,0.85,0.271,0.462,0.361,0.342,0.331,0.19,91,9.8,30.6,9.3
Polanco, Gregory,2015,24,593,652,152,102,35,6,9,121,55,18.6,8.4,0.256,0.381,0.319,0.7,0.26,0.394,0.304,0.317,0.325,0.134,89.9,10.4,30.5,4.4
Arenado, Nolan,2015,24,616,665,177,88,43,4,42,110,34,16.5,5.1,0.287,0.575,0.323,0.898,0.27,0.495,0.371,0.345,0.313,0.225,90.7,16,33.8,8.3
Holt, Brock,2015,27,454,509,127,92,27,6,2,97,46,19.1,9,0.28,0.379,0.346,0.725,0.256,0.337,0.321,0.305,0.329,0.081,86.6,7.9,32,0.6
Owings, Chris,2015,24,515,552,117,81,27,5,4,144,26,26.1,4.7,0.227,0.322,0.261,0.583,0.231,0.331,0.255,0.265,0.27,0.1,86.9,14.6,32.8,2.6
Pollock, AJ,2015,28,609,673,192,127,39,6,20,89,53,13.2,7.9,0.315,0.498,0.367,0.865,0.304,0.461,0.371,0.36,0.36,0.157,88.9,8.9,31.2,5.7
Seager, Kyle,2015,28,623,686,166,103,37,0,26,98,54,14.3,7.9,0.266,0.451,0.328,0.779,0.285,0.477,0.334,0.36,0.348,0.192,89.3,16.8,36.3,7
Taylor, Michael A.,2015,24,472,511,108,77,15,2,14,158,35,30.9,6.8,0.229,0.358,0.282,0.64,0.242,0.399,0.274,0.3,0.297,0.157,88.7,10,32.8,6.3
Carpenter, Matt,2015,30,574,665,156,81,44,3,28,151,81,22.7,12.2,0.272,0.505,0.365,0.871,0.287,0.532,0.372,0.395,0.383,0.245,89,17.1,42.6,9.1
Dozier, Brian,2015,28,628,704,148,77,39,4,28,148,61,21,8.7,0.236,0.444,0.307,0.751,0.223,0.387,0.323,0.304,0.298,0.164,87.2,19,34.2,5.9
Bryant, Kris,2015,23,559,650,154,92,31,5,26,199,77,30.6,11.8,0.275,0.488,0.369,0.858,0.237,0.478,0.371,0.358,0.338,0.241,89.7,19.6,33.7,11.5
Castellanos, Nick,2015,23,549,595,140,86,33,6,15,152,39,25.5,6.6,0.255,0.419,0.303,0.721,0.263,0.45,0.311,0.332,0.312,0.187,88.3,17,38,7.7
Machado, Manny,2015,23,633,713,181,115,30,1,35,111,70,15.6,9.8,0.286,0.502,0.358,0.86,0.271,0.462,0.37,0.355,0.348,0.191,91.4,12.9,29.7,7.6
Pederson, Joc,2015,23,480,585,101,55,19,1,26,170,92,29.1,15.7,0.21,0.417,0.345,0.762,0.218,0.436,0.335,0.351,0.356,0.218,91.2,13.6,28.7,11.8
Simmons, Andrelton,2015,26,535,583,142,113,23,2,4,48,39,8.2,6.7,0.265,0.338,0.321,0.659,0.281,0.364,0.29,0.314,0.338,0.083,86.4,3.5,27.8,1
Yelich, Christian,2015,24,476,525,143,104,30,2,7,101,47,19.2,9,0.3,0.416,0.366,0.782,0.312,0.453,0.343,0.367,0.377,0.142,91.7,0,30.4,4.8
Bogaerts, Xander,2015,23,613,654,196,151,35,3,7,101,32,15.4,4.9,0.32,0.421,0.353,0.774,0.282,0.376,0.338,0.311,0.32,0.094,88.1,6.8,28.2,2.5
Calhoun, Kole,2015,28,630,686,161,110,23,2,26,164,45,23.9,6.6,0.256,0.422,0.308,0.73,0.243,0.42,0.317,0.317,0.299,0.177,86.2,11.6,35.2,6.8
Eaton, Adam,2015,27,610,689,175,124,28,9,14,131,58,19,8.4,0.287,0.431,0.358,0.79,0.256,0.364,0.346,0.317,0.337,0.108,88.1,7.7,27,3.1
Gattis, Evan,2015,29,566,604,139,81,20,11,27,119,30,19.7,5,0.246,0.463,0.285,0.748,0.246,0.42,0.317,0.308,0.287,0.174,88.9,10.4,29.6,7.1
Kiermaier, Kevin,2015,25,505,535,133,86,25,12,10,95,24,17.8,4.5,0.263,0.42,0.297,0.717,0.275,0.386,0.309,0.309,0.31,0.111,87.6,9,29.7,2.4
Betts, Mookie,2015,23,597,654,174,106,42,8,18,82,46,12.5,7,0.291,0.479,0.339,0.819,0.288,0.456,0.351,0.348,0.34,0.169,90.3,15.3,33.6,5.7
Peterson, Jace,2015,25,528,597,126,92,23,5,6,120,56,20.1,9.4,0.239,0.335,0.31,0.645,0.251,0.368,0.287,0.311,0.329,0.117,87.1,9.8,32.8,3.3
Pillar, Kevin,2015,26,586,628,163,118,31,2,12,85,28,13.5,4.5,0.278,0.399,0.312,0.711,0.266,0.363,0.31,0.297,0.305,0.097,85.8,14.1,28.4,1.8
Russell, Addison,2015,21,475,523,115,72,29,1,13,149,42,28.5,8,0.242,0.389,0.306,0.695,0.208,0.333,0.304,0.273,0.276,0.125,86.5,15,33.7,4.9
Duffy, Matt,2015,24,573,612,169,123,28,6,12,96,30,15.7,4.9,0.295,0.428,0.333,0.761,0.286,0.428,0.331,0.336,0.329,0.143,88,7.2,32.2,4
