playerID,yearID,stint,TeamID,lgID,G,AB,R,H,2B,3B,HR,RBI,SB,CS,BB,SO,IBB,HBP,SH,SF,GIDP
abreujo02,2020,1,CHW,AL,162,648,116,205,41,0,51,162,0,0,49,159,3,8,0,3,27
acunaro01,2020,1,ATL,NL,124,432,124,108,30,0,38,78,22,3,103,162,5,11,0,0,8
adamewi01,2020,1,TBR,AL,146,500,78,130,41,3,22,62,5,3,54,200,0,0,0,0,11
adamsau02,2020,1,SDP,NL,3,3,0,0,0,0,0,0,0,0,0,3,0,0,0,0,0
adamsma01,2020,1,ATL,NL,43,132,11,24,5,0,5,24,0,0,5,49,0,0,0,0,8
adelljo01,2020,1,LAA,AL,103,335,24,54,11,0,8,19,0,3,19,149,0,3,0,0,8
adriaeh01,2020,1,MIN,AL,119,240,27,46,19,0,0,8,3,0,30,62,0,3,0,0,8
aguilje01,2020,1,MIA,NL,138,508,84,140,27,0,22,92,0,3,62,108,0,3,0,11,14
ahmedni01,2020,1,ARI,NL,154,537,78,143,27,3,14,78,11,0,49,124,0,0,0,0,8
akiyash01,2020,1,CIN,NL,146,419,43,103,16,3,0,24,19,8,68,92,0,5,0,0,3
alberha01,2020,1,BAL,AL,146,591,95,167,41,0,8,59,8,0,14,81,0,8,5,5,16
albieoz01,2020,1,ATL,NL,78,319,57,86,14,0,16,51,8,3,14,81,0,3,0,0,0
alcanse01,2020,1,DET,AL,27,57,5,8,0,3,3,3,0,0,5,11,0,0,0,0,0
alfarjo01,2020,1,MIA,NL,84,251,32,57,5,0,8,43,5,0,11,97,3,8,0,0,5
alforan01,2020,1,TOT,MLB,49,76,14,16,0,3,5,19,8,0,3,22,0,0,0,0,0
allenau01,2020,1,OAK,AL,38,84,3,16,3,0,3,8,0,0,3,38,0,0,0,0,0
allengr01,2020,1,TOT,MLB,43,70,11,11,3,0,3,11,5,0,8,27,0,5,0,3,0
almonab01,2020,1,SDP,NL,19,30,0,3,0,0,0,0,3,3,5,11,0,0,0,0,0
almoral01,2020,1,CHC,NL,76,81,11,14,3,0,0,3,0,0,8,24,0,3,0,0,0
alonspe01,2020,1,NYM,NL,154,562,84,130,16,0,43,95,3,0,65,165,11,16,0,3,11
altavda01,2020,1,TOT,MLB,3,0,0,0,0,0,0,0,0,0,0,0,0,0,0,0,0
altuvjo01,2020,1,HOU,AL,130,518,86,113,24,0,14,49,5,8,46,105,0,3,0,0,14
alvared01,2020,1,MIA,NL,32,100,16,19,3,0,0,5,5,0,8,43,0,3,0,0,0
alvaryo01,2020,1,HOU,AL,5,22,5,5,0,0,3,11,0,0,0,3,0,3,0,0,3
anderbr06,2020,1,MIA,NL,159,540,73,138,19,3,30,103,0,0,59,178,3,16,0,3,5
anderti01,2020,1,CHW,AL,132,562,122,181,30,3,27,57,14,5,27,135,0,5,0,3,11
andruel01,2020,1,TEX,AL,78,278,30,54,14,0,8,19,8,3,22,41,0,0,0,0,14
andujmi01,2020,1,NYY,AL,57,167,14,41,5,3,3,14,0,0,8,24,0,0,0,0,3
apostsh01,2020,1,TEX,AL,19,54,3,5,3,0,0,0,0,0,3,24,0,0,0,0,0
aquinar01,2020,1,CIN,NL,62,127,19,22,3,0,5,22,3,0,16,49,0,8,0,0,3
arauzjo01,2020,1,BOS,AL,68,194,22,49,5,0,3,24,0,0,22,57,0,0,0,0,0
arciaor01,2020,1,MIL,NL,159,467,59,122,27,3,14,54,5,0,38,86,0,3,0,3,27
arenano01,2020,1,COL,NL,130,491,62,124,24,0,22,70,0,0,41,54,8,0,0,11,19
arozara01,2020,1,TBR,AL,62,173,41,49,5,0,19,30,11,0,16,59,0,14,0,3,5
arraelu01,2020,1,MIN,AL,86,302,43,97,24,0,0,35,0,0,22,30,0,0,0,3,5
arroych01,2020,1,TOT,AL,41,135,19,32,3,0,8,22,0,0,11,30,0,0,0,0,5
astudwi01,2020,1,MIN,AL,22,43,11,11,3,0,3,8,0,0,0,5,0,0,0,0,0
avilaal01,2020,1,MIN,AL,62,132,16,24,5,0,3,5,0,0,30,59,0,5,0,0,5
baderha01,2020,1,STL,NL,135,286,57,65,19,5,11,30,8,3,35,108,0,14,0,3,5
baezja01,2020,1,CHC,NL,159,599,73,122,24,3,22,65,8,0,19,203,0,11,0,5,22
barneau01,2020,1,LAD,NL,78,232,38,57,8,0,3,24,8,0,35,65,0,5,5,3,0
barnhtu01,2020,1,CIN,NL,103,265,27,54,8,0,14,35,0,0,32,76,0,0,0,0,5
barrefr02,2020,1,TOT,AL,57,73,14,5,0,0,0,5,3,0,0,41,0,3,0,0,0
bartjo01,2020,1,SFG,NL,89,278,41,65,14,5,0,19,0,0,8,111,0,14,0,0,3
basablu01,2020,1,SFG,NL,24,38,14,5,0,0,0,3,5,0,11,14,0,0,0,0,0
beatyma01,2020,1,LAD,NL,57,135,22,30,3,0,5,14,0,0,5,38,0,5,0,0,8
bedroca01,2020,1,LAA,AL,3,0,0,0,0,0,0,0,0,0,0,0,0,0,0,0,0
belljo02,2020,1,PIT,NL,154,527,59,119,8,0,22,59,0,0,59,159,11,5,0,11,8
bellico01,2020,1,LAD,NL,151,575,89,138,27,0,32,81,16,3,81,113,5,0,0,0,11
beltbr01,2020,1,SFG,NL,138,402,68,124,35,3,24,81,0,0,81,97,3,0,0,0,14
bemboan01,2020,1,LAA,AL,57,130,24,27,3,0,8,14,0,3,19,35,0,5,5,3,0
beninan01,2020,1,BOS,AL,38,105,11,11,3,0,0,3,3,5,30,46,0,3,3,0,3
bertijo01,2020,1,MIA,NL,105,324,57,84,14,0,5,38,24,5,62,100,0,8,5,3,3
bettsmo01,2020,1,LAD,NL,149,591,127,173,24,3,43,105,27,5,65,103,3,5,0,3,5
bichebo01,2020,1,TOR,AL,78,332,49,100,24,3,14,62,11,3,14,73,3,0,0,0,5
biggica01,2020,1,TOR,AL,159,594,111,149,43,0,22,76,16,0,111,165,0,8,0,0,5
bishobr01,2020,1,SEA,AL,32,81,5,14,5,0,0,11,3,0,5,27,0,3,3,0,0
blackch02,2020,1,COL,NL,159,597,84,181,32,3,16,113,5,3,51,119,11,5,0,14,11
blanktr01,2020,1,MIN,AL,3,8,0,3,3,0,0,0,0,0,0,0,0,3,0,0,0
bogaexa01,2020,1,BOS,AL,151,548,97,165,22,0,30,76,22,0,57,111,5,0,0,3,8
bohmal01,2020,1,PHI,NL,119,432,65,146,30,0,11,62,3,3,43,97,0,5,0,5,11
bonifem01,2020,1,WSN,NL,8,8,3,0,0,0,0,0,0,3,0,5,0,0,0,0,0
bonifjo01,2020,1,DET,AL,81,232,22,51,8,0,5,46,0,0,14,70,0,5,0,3,3
boteda01,2020,1,CHC,NL,122,338,41,68,8,3,19,78,5,0,46,108,0,5,0,3,16
bradlja02,2020,1,BOS,AL,149,516,86,146,30,0,19,59,14,5,62,130,3,5,0,3,5
brantmi02,2020,1,HOU,AL,124,459,65,138,41,0,14,59,5,0,46,76,0,0,0,0,8
brantro01,2020,1,SFG,NL,3,8,0,0,0,0,0,0,0,0,0,0,0,0,0,0,0
brasiry01,2020,1,BOS,AL,3,0,0,0,0,0,0,0,0,0,0,0,0,0,0,0,0
braunry02,2020,1,MIL,NL,105,348,38,81,19,3,22,70,3,0,19,73,0,5,0,3,16
bregmal01,2020,1,HOU,AL,113,413,51,100,32,3,16,59,0,0,65,70,3,5,0,3,5
bricejo01,2020,1,LAA,AL,5,14,0,3,0,0,0,0,0,0,3,3,0,0,0,0,0
brinsle01,2020,1,MIA,NL,127,286,38,65,16,0,8,32,11,0,16,81,0,0,0,0,5
brossmi01,2020,1,TBR,AL,97,232,32,70,14,3,14,32,5,0,22,84,0,8,0,3,3
brownse01,2020,1,OAK,AL,19,14,0,0,0,0,0,0,0,0,0,5,0,0,0,0,0
bruceja01,2020,1,PHI,NL,86,259,30,51,11,5,16,38,0,0,19,65,3,0,0,0,3
bryankr01,2020,1,CHC,NL,92,354,54,73,14,3,11,30,0,0,32,108,0,11,0,0,3
buterdr01,2020,1,COL,NL,76,105,11,16,5,0,0,11,0,0,5,30,0,0,3,3,8
buxtoby01,2020,1,MIN,AL,105,351,51,89,8,0,35,73,5,3,5,97,0,3,0,5,5
cabreas01,2020,1,WSN,NL,140,513,62,124,24,8,22,84,0,0,51,108,0,0,0,11,16
cabremi01,2020,1,DET,AL,154,551,76,138,11,0,27,95,3,0,65,138,3,3,0,5,8
cainlo01,2020,1,MIL,NL,14,49,11,16,3,0,0,5,0,0,8,5,3,0,0,0,3
calhoko01,2020,1,ARI,NL,146,513,95,116,24,0,43,108,3,3,76,135,0,16,0,11,16
calhowi01,2020,1,TEX,AL,78,270,8,51,5,3,3,35,0,0,14,46,0,3,0,5,3
camarjo01,2020,1,ATL,NL,95,324,43,65,22,0,11,24,0,0,16,95,0,3,0,0,3
camerda01,2020,1,DET,AL,46,154,11,30,5,3,0,8,3,0,5,51,0,0,0,0,3
campulu01,2020,1,SDP,NL,3,8,5,3,0,0,3,3,0,0,0,5,0,3,0,0,0
candeje01,2020,1,DET,AL,140,500,81,149,30,8,19,78,3,3,54,132,0,3,0,0,8
canhama01,2020,1,OAK,AL,159,516,86,127,32,5,14,89,11,0,100,146,3,27,0,14,5
canoro01,2020,1,NYM,NL,132,462,62,146,24,0,27,81,0,0,24,65,3,3,0,3,19
caratvi01,2020,1,CHC,NL,119,313,27,76,19,0,3,43,0,3,32,84,3,11,0,0,11
carlsdy01,2020,1,STL,NL,95,297,30,59,19,3,8,43,3,3,22,95,0,0,0,3,8
carpema01,2020,1,STL,NL,135,378,59,70,16,0,11,65,0,0,62,130,3,16,0,0,3
casalcu01,2020,1,CIN,NL,84,205,27,46,8,0,16,22,3,0,38,78,0,8,0,0,5
casteni01,2020,1,CIN,NL,162,589,100,132,30,5,38,92,0,5,51,186,3,11,0,3,14
castrha01,2020,1,DET,AL,59,132,16,46,11,0,0,8,0,0,14,30,0,0,0,0,3
castrja01,2020,1,TOT,MLB,73,216,22,41,24,0,5,24,0,0,32,89,0,0,0,0,5
castrst01,2020,1,WSN,NL,43,162,24,43,8,3,5,11,0,0,8,35,0,0,0,0,0
castrwi01,2020,1,DET,AL,97,348,57,122,11,5,16,65,0,3,19,103,0,3,3,5,0
caveja01,2020,1,MIN,AL,113,305,46,68,8,5,11,41,0,5,14,119,0,14,0,0,0
cervefr01,2020,1,MIA,NL,43,143,27,35,5,0,8,19,3,0,22,38,0,3,0,0,8
cespeyo01,2020,1,NYM,NL,22,84,8,14,3,0,5,11,0,0,5,41,0,3,0,0,3
changyu01,2020,1,CLE,AL,27,30,3,5,0,0,0,3,0,0,5,11,0,0,0,0,5
chapmma01,2020,1,OAK,AL,100,383,59,89,24,5,27,68,0,0,22,146,0,3,0,3,5
chavimi01,2020,1,BOS,AL,113,394,43,84,14,5,14,51,8,0,22,135,0,5,0,5,16
chiriro01,2020,1,TOT,MLB,70,200,11,32,8,0,3,19,0,0,16,57,0,3,0,3,14
chishja01,2020,1,MIA,NL,57,151,22,24,3,3,5,16,5,5,14,51,0,3,0,0,0
choiji01,2020,1,TBR,AL,113,329,43,76,35,0,8,43,0,0,54,97,5,0,0,8,3
choosh01,2020,1,TEX,AL,89,297,35,70,8,0,14,41,16,5,35,89,3,5,0,5,3
colliza01,2020,1,CHW,AL,24,43,3,3,3,0,0,0,0,0,5,14,0,0,0,0,0
colonch01,2020,1,CIN,NL,30,62,8,8,3,0,0,5,3,0,3,8,0,0,0,0,3
confomi01,2020,1,NYM,NL,146,545,108,176,32,0,24,84,8,8,65,154,0,19,0,0,16
contrwi02,2020,1,ATL,NL,11,27,0,11,3,0,0,3,0,0,0,11,0,0,0,0,0
contrwi01,2020,1,CHC,NL,154,510,100,124,27,0,19,70,3,5,54,154,3,38,0,5,16
coopega03,2020,1,MIA,NL,92,324,54,92,22,0,16,54,0,0,30,84,0,5,0,0,14
cordery01,2020,1,NYM,NL,14,22,0,3,0,0,0,0,3,0,0,8,0,0,0,0,0
cordefr02,2020,1,KCR,AL,43,103,19,22,8,0,5,19,3,0,11,11,0,0,0,0,3
correca01,2020,1,HOU,AL,157,543,59,143,24,0,14,68,0,0,43,132,5,8,0,3,11
craigwi01,2020,1,PIT,NL,5,11,0,0,0,0,0,0,0,0,0,3,0,0,0,0,0
crawfbr01,2020,1,SFG,NL,146,464,70,119,32,0,22,76,3,5,41,127,5,11,0,5,8
crawfjp01,2020,1,SEA,AL,143,551,89,140,19,5,5,65,16,8,62,105,0,8,0,5,11
croncj01,2020,1,DET,AL,35,113,24,22,8,0,11,22,0,0,24,43,0,3,0,0,5
cronke01,2020,1,ARI,NL,22,46,0,0,0,0,0,0,0,0,3,19,0,5,0,0,0
croneja01,2020,1,SDP,NL,146,464,70,132,41,8,11,54,8,3,49,81,0,3,0,3,11
cruzne02,2020,1,MIN,AL,143,500,89,151,16,0,43,89,0,0,68,157,14,11,0,0,22
culbech01,2020,1,ATL,NL,24,19,5,3,3,0,0,3,0,0,0,11,0,0,0,0,0
cuthbch01,2020,1,CHW,AL,3,3,0,0,0,0,0,0,0,0,0,0,0,0,0,0,0
darnatr01,2020,1,ATL,NL,119,446,51,143,22,0,24,92,3,0,43,135,0,5,0,3,22
dahlda01,2020,1,COL,NL,65,251,24,46,5,5,0,24,3,0,11,76,0,3,0,3,0
dalbebo01,2020,1,BOS,AL,62,216,35,57,8,0,22,43,0,0,27,105,0,5,0,0,0
davidma02,2020,1,CIN,NL,54,116,8,19,3,0,8,30,0,0,11,35,0,0,0,0,5
davisau01,2020,1,TOT,NL,3,0,0,0,0,0,0,0,0,0,0,0,0,0,0,0,0
davisch02,2020,1,BAL,AL,43,140,8,16,8,0,0,3,0,0,8,46,0,0,0,0,0
davisjd01,2020,1,NYM,NL,151,513,70,127,24,0,16,51,0,0,84,151,3,19,0,3,22
davisja03,2020,1,SFG,NL,11,32,5,5,0,0,3,3,0,0,0,16,0,0,0,0,0
davisjo05,2020,1,TOR,AL,35,73,11,19,5,0,3,16,3,0,8,30,0,5,0,3,3
daviskh01,2020,1,OAK,AL,81,230,24,46,14,0,5,27,0,0,27,70,0,8,0,3,14
deanau01,2020,1,STL,NL,8,11,3,3,3,0,0,0,0,0,8,5,0,0,0,0,0
dejonpa01,2020,1,STL,NL,122,410,46,103,16,0,8,68,3,0,46,135,0,3,0,11,11
delmoni01,2020,1,CHW,AL,16,54,0,8,0,0,0,8,0,0,5,5,0,0,0,0,5
demertr01,2020,1,DET,AL,49,78,14,14,3,0,0,11,0,0,8,38,0,3,0,0,0
deshide02,2020,1,CLE,AL,100,289,27,73,8,5,0,19,8,5,24,78,0,0,11,0,0
deverra01,2020,1,BOS,AL,154,626,86,165,43,3,30,116,0,0,35,181,0,8,0,0,22
diazal02,2020,1,HOU,AL,46,157,22,38,14,0,8,16,0,0,3,32,0,0,0,0,3
diazel01,2020,1,COL,NL,70,184,11,43,5,0,5,24,0,0,14,41,0,0,0,0,11
diazis01,2020,1,MIA,NL,19,59,8,11,0,0,0,3,0,0,0,19,0,0,0,0,0
diazle01,2020,1,MIA,NL,38,105,5,16,5,0,0,8,0,0,5,32,0,0,0,0,5
diazya01,2020,1,TBR,AL,92,308,43,95,8,0,5,30,0,0,62,46,3,3,0,0,16
dickeal01,2020,1,SFG,NL,140,408,76,122,27,3,27,73,0,0,43,81,5,5,0,3,14
dickeco01,2020,1,MIA,NL,140,524,68,135,14,3,19,46,3,3,41,95,3,0,0,0,14
dietrde01,2020,1,TEX,AL,68,165,24,32,3,0,14,22,3,3,24,57,0,14,0,0,11
difowi01,2020,1,WSN,NL,32,38,3,3,0,0,0,3,0,0,8,11,0,0,0,3,0
dixonbr01,2020,1,DET,AL,14,35,0,3,3,0,0,5,0,0,3,11,0,0,0,0,3
donaljo02,2020,1,MIN,AL,76,219,38,49,5,0,16,30,0,0,49,65,3,5,0,3,11
doziebr01,2020,1,NYM,NL,19,41,3,5,0,0,0,0,0,0,3,14,0,0,0,0,3
doziehu01,2020,1,KCR,AL,119,427,78,97,11,5,16,32,11,0,73,130,0,3,0,0,8
drurybr01,2020,1,TOR,AL,57,124,8,19,3,0,0,3,0,0,5,24,0,0,0,3,0
dubonma01,2020,1,SFG,NL,146,424,57,116,11,3,11,51,5,8,41,97,0,3,3,5,11
duggast01,2020,1,SFG,NL,57,92,8,16,5,0,0,8,3,0,3,30,0,3,0,0,3
duvalad01,2020,1,ATL,NL,154,513,92,122,22,0,43,89,0,0,41,146,0,8,0,3,5
dysonja01,2020,1,TOT,MLB,86,165,24,30,0,0,0,14,16,0,11,30,0,0,3,0,0
eatonad02,2020,1,WSN,NL,111,429,59,97,30,3,11,46,8,0,32,86,3,3,11,0,11
edmanto01,2020,1,STL,NL,149,551,78,138,19,3,14,70,5,11,43,130,0,14,0,5,14
elledse01,2020,1,STL,NL,3,0,0,0,0,0,0,0,0,0,0,0,0,0,0,0,0
encared01,2020,1,CHW,AL,119,429,51,68,14,0,27,51,0,0,43,146,0,11,0,3,8
engelad01,2020,1,CHW,AL,97,238,30,70,14,3,8,32,3,0,8,51,0,5,0,0,3
ervinph01,2020,1,TOT,MLB,100,200,27,30,8,0,0,11,3,0,38,59,0,3,0,0,5
escobed01,2020,1,ARI,NL,146,548,59,116,19,8,11,54,3,0,41,111,11,5,0,5,14
espinsa01,2020,1,TOR,AL,70,162,27,43,11,0,0,16,3,0,11,43,0,0,3,3,3
estrath01,2020,1,NYY,AL,70,130,22,22,0,0,3,8,3,0,3,51,0,8,0,0,0
evansph01,2020,1,PIT,NL,30,105,16,38,5,0,3,24,0,3,14,19,0,3,0,0,3
farmeky01,2020,1,CIN,NL,86,173,11,46,8,0,0,11,3,0,14,35,0,3,0,0,0
fishede01,2020,1,TOR,AL,43,84,14,19,5,3,3,19,0,3,19,30,0,0,0,3,0
fletcda02,2020,1,LAA,AL,132,559,84,178,35,0,8,49,5,3,54,68,0,0,3,5,11
florewi01,2020,1,SFG,NL,149,535,81,143,30,3,32,86,3,0,35,97,3,3,0,3,14
flories01,2020,1,NYY,AL,3,8,0,3,0,0,0,0,0,0,0,5,0,0,0,0,0
flowety01,2020,1,ATL,NL,59,186,14,41,16,0,3,14,0,0,22,92,0,8,0,0,3
fordmi01,2020,1,NYY,AL,78,200,14,27,11,0,5,30,0,0,19,43,0,5,0,3,11
forsylo01,2020,1,MIA,NL,32,92,5,11,3,0,3,5,0,0,11,32,0,0,0,0,0
fostema01,2020,1,CHW,AL,3,0,0,0,0,0,0,0,0,0,0,0,0,0,0,0,0
fowlede01,2020,1,STL,NL,84,243,38,57,5,0,11,41,3,3,27,76,0,3,0,0,5
fraleja01,2020,1,SEA,AL,19,70,8,11,3,3,0,0,5,3,5,30,0,3,0,0,0
francty01,2020,1,TOT,MLB,116,381,51,116,24,3,11,62,0,0,30,100,0,8,0,0,8
francma02,2020,1,KCR,AL,162,602,62,167,43,0,22,103,3,0,43,103,3,0,0,11,11
fraziad01,2020,1,PIT,NL,157,564,59,130,19,0,19,62,3,8,46,95,0,8,3,0,8
frazicl01,2020,1,NYY,AL,105,354,65,95,16,3,22,70,8,0,68,119,0,8,0,3,14
frazito01,2020,1,TOT,MLB,122,424,43,100,24,3,11,32,3,3,30,113,0,11,0,0,3
freemfr01,2020,1,ATL,NL,162,578,138,197,62,3,35,143,5,0,122,100,19,8,0,0,16
freemmi01,2020,1,CLE,AL,65,103,14,24,8,0,0,8,0,0,8,30,0,3,0,3,0
fuentjo01,2020,1,COL,NL,81,265,38,81,19,0,5,46,3,0,5,78,0,3,0,5,3
gallaca01,2020,1,KCR,AL,68,143,27,41,14,0,3,8,0,0,16,30,0,0,3,0,0
gallojo01,2020,1,TEX,AL,154,521,62,95,22,0,27,70,5,0,78,213,5,11,0,0,0
galvifr01,2020,1,CIN,NL,127,381,49,84,14,0,19,43,3,3,35,81,0,14,0,0,14
gamelbe01,2020,1,MIL,NL,108,308,35,73,22,3,8,27,0,5,35,105,0,0,0,0,11
garciad02,2020,1,TEX,AL,8,16,0,0,0,0,0,0,0,0,3,11,0,0,0,0,0
garciav01,2020,1,MIL,NL,143,489,54,116,27,0,5,41,3,8,54,132,5,16,0,0,5
garcigr01,2020,1,SDP,NL,95,162,16,32,8,0,0,30,3,0,19,49,0,0,8,3,0
garcijo02,2020,1,CIN,NL,65,181,11,35,0,0,0,5,3,3,3,70,0,0,0,0,3
garcile02,2020,1,CHW,AL,43,159,16,43,3,0,8,22,0,0,11,24,0,0,0,0,0
garcilu04,2020,1,WSN,NL,108,362,49,100,16,0,5,43,3,3,14,78,0,0,0,0,8
gardnbr01,2020,1,NYY,AL,132,351,54,78,14,3,14,41,8,8,70,95,0,3,0,3,0
garliky01,2020,1,PHI,NL,32,59,0,8,3,0,0,8,0,0,0,19,0,3,0,0,0
garnedu01,2020,1,HOU,AL,46,103,11,16,0,3,3,11,0,0,16,41,0,0,5,0,3
garvemi01,2020,1,MIN,AL,62,194,22,32,3,0,5,14,0,0,19,100,0,3,0,3,3
gimenan01,2020,1,NYM,NL,132,319,59,84,8,5,8,32,22,3,19,76,0,16,0,3,0
goinsry01,2020,1,CHW,AL,38,24,11,0,0,0,0,0,0,0,3,3,0,0,0,0,0
goldspa01,2020,1,STL,NL,157,516,84,157,35,0,16,57,3,0,100,116,0,3,0,3,11
gomesya01,2020,1,WSN,NL,81,294,38,84,16,3,11,35,3,0,16,59,0,3,0,8,3
gonsoto01,2020,1,LAD,NL,3,0,0,0,0,0,0,0,0,0,0,0,0,0,0,0,0
gonzaer01,2020,1,PIT,NL,135,489,38,111,35,3,8,54,5,8,22,138,0,0,3,8,14
gonzalu03,2020,1,CHW,AL,8,3,3,0,0,0,0,0,0,0,0,3,0,3,0,0,0
gonzama01,2020,1,MIN,AL,143,473,41,100,11,0,14,59,0,0,46,111,0,8,0,11,3
goodrni01,2020,1,DET,AL,116,427,41,78,19,3,14,54,19,3,49,186,0,0,0,8,11
goodwbr01,2020,1,TOT,MLB,135,389,46,84,24,3,16,59,14,0,46,146,3,3,0,5,3
gordoal01,2020,1,KCR,AL,135,440,41,92,11,0,11,30,0,0,49,100,0,8,0,0,0
gorete01,2020,1,LAD,NL,5,0,0,0,0,0,0,0,0,0,0,0,0,0,0,0,0
gosseph01,2020,1,PHI,NL,105,248,38,62,14,0,8,32,0,0,27,73,3,0,0,0,8
grandya01,2020,1,CHW,AL,124,435,73,100,19,0,22,73,0,0,81,157,0,3,0,5,11
greench03,2020,1,NYY,AL,3,0,0,0,0,0,0,0,0,0,0,0,0,0,0,0,0
gregodi01,2020,1,PHI,NL,162,581,92,165,27,5,27,108,8,5,41,76,8,11,3,5,11
greingr01,2020,1,DET,AL,49,138,22,16,5,0,8,22,0,0,8,54,0,3,0,0,5
grichra01,2020,1,TOR,AL,149,583,103,159,24,0,32,95,3,3,35,132,3,0,0,5,14
grishtr01,2020,1,SDP,NL,159,581,113,146,22,8,27,70,27,3,84,173,0,8,3,3,3
grossro01,2020,1,OAK,AL,138,448,62,108,32,5,22,62,22,3,57,103,5,14,0,0,3
grullde01,2020,1,BOS,AL,3,8,0,3,0,0,0,3,0,0,3,3,0,0,0,0,0
guerrvl02,2020,1,TOR,AL,162,597,92,157,35,5,24,89,3,0,54,103,3,5,0,0,16
guilllu01,2020,1,NYM,NL,78,154,16,51,16,0,0,24,5,0,27,46,0,0,0,3,8
gurrilo01,2020,1,TOR,AL,154,562,76,173,38,0,30,89,8,3,38,130,0,0,0,5,19
gourryu01,2020,1,HOU,AL,154,570,73,132,32,3,16,59,0,3,32,73,0,5,0,14,16
gutieke01,2020,1,KCR,AL,11,24,0,3,0,0,0,0,0,0,8,16,0,0,0,0,0
guzmaro01,2020,1,TEX,AL,70,211,27,51,3,3,11,24,3,0,19,65,0,3,0,0,0
gyorkje01,2020,1,MIL,NL,113,316,51,78,8,0,24,46,0,0,41,103,3,3,0,5,11
haaseer01,2020,1,DET,AL,19,46,3,8,0,0,0,5,0,0,3,16,0,0,0,3,0
haderjo01,2020,1,MIL,NL,3,0,0,0,0,0,0,0,0,0,0,0,0,0,0,0,0
haggesa01,2020,1,SEA,AL,35,135,19,35,11,0,3,16,11,0,11,43,0,0,0,0,0
hamilbi02,2020,1,TOT,NL,84,86,27,11,0,0,3,5,16,5,5,19,0,0,3,3,0
hampsga01,2020,1,COL,NL,143,451,68,105,11,8,14,30,16,3,35,162,0,0,8,3,3
happia01,2020,1,CHC,NL,154,535,73,138,30,3,32,76,3,8,81,170,3,5,3,0,3
harpebr03,2020,1,PHI,NL,157,513,111,138,24,5,35,89,22,5,132,116,22,5,3,5,14
harrijo05,2020,1,WSN,NL,89,213,30,59,5,0,8,38,3,5,16,32,0,11,0,5,5
harrimo01,2020,1,MIA,NL,86,127,22,22,3,0,3,8,16,0,11,70,0,0,0,0,0
haselad01,2020,1,PHI,NL,108,213,19,59,14,0,0,35,0,0,19,46,3,5,8,3,8
hayeske01,2020,1,PIT,NL,65,230,46,86,19,5,14,30,3,0,24,54,5,3,0,0,5
haysau01,2020,1,BAL,AL,89,329,54,92,5,0,11,24,5,8,22,68,0,5,0,5,3
healyry01,2020,1,MIL,NL,11,19,0,3,0,0,0,0,0,0,0,5,0,0,0,0,0
heathni01,2020,1,KCR,AL,41,35,5,5,3,0,0,8,5,5,5,16,0,3,3,0,0
hechaad01,2020,1,ATL,NL,73,159,19,41,8,0,0,5,0,0,11,32,0,0,0,0,3
hedgeau01,2020,1,TOT,MLB,95,186,19,27,3,0,8,16,3,3,16,62,0,5,14,3,8
heimjo01,2020,1,OAK,AL,35,103,14,22,0,0,0,14,0,0,8,8,0,0,0,0,3
heinesc01,2020,1,TEX,AL,65,140,16,22,8,0,3,19,8,0,5,30,0,0,0,0,3
heinety01,2020,1,SFG,NL,41,113,8,22,3,0,0,3,3,0,11,16,0,5,5,0,0
hendrky01,2020,1,CHC,NL,3,0,0,0,0,0,0,0,0,0,0,0,0,0,0,0,0
heredgu01,2020,1,TOT,NL,41,89,16,19,0,0,5,14,3,0,8,24,0,0,0,0,0
hermomi01,2020,1,LAA,AL,19,22,0,5,0,0,0,5,3,0,3,3,0,0,0,3,0
hernace02,2020,1,CLE,AL,157,629,95,178,54,0,8,54,0,0,65,154,0,5,3,0,8
hernaen02,2020,1,LAD,NL,130,375,54,86,22,3,14,54,0,3,16,84,0,5,0,3,14
hernaos01,2020,1,KCR,AL,11,11,3,5,0,0,0,0,0,0,0,3,0,0,0,0,3
hernate01,2020,1,TOR,AL,135,513,89,149,19,0,43,92,16,3,38,170,0,3,0,3,11
hernaya01,2020,1,WSN,NL,32,70,8,14,8,0,3,16,0,0,3,32,0,0,0,3,0
herredi01,2020,1,BAL,AL,8,14,0,0,0,0,0,0,0,0,0,11,0,3,0,0,0
heywaja01,2020,1,CHC,NL,135,397,54,105,16,5,16,59,5,0,81,100,3,5,0,5,3
hicksaa01,2020,1,NYY,AL,146,456,76,103,27,5,16,57,11,3,111,103,3,3,0,0,11
higasky01,2020,1,NYY,AL,43,130,19,32,3,0,11,27,0,0,0,30,0,0,0,0,0
hillde01,2020,1,DET,AL,41,30,8,3,0,0,0,0,0,0,3,16,0,0,0,0,0
hillti01,2020,1,SDP,NL,3,3,0,0,0,0,0,0,0,0,0,3,0,0,0,0,0
hillisa01,2020,1,COL,NL,97,284,35,59,5,5,16,27,8,0,24,113,0,0,0,0,0
hiurake01,2020,1,MIL,NL,159,586,81,124,11,0,35,86,8,5,43,230,5,30,0,5,19
hoernni01,2020,1,CHC,NL,130,292,51,65,11,0,0,35,8,5,32,65,0,8,0,5,8
holadbr01,2020,1,BAL,AL,54,84,14,14,3,0,0,11,0,0,5,24,0,0,0,0,3
holdejo02,2020,1,NYY,AL,3,0,3,0,0,0,0,0,0,0,0,0,0,0,0,0,0
holtbr01,2020,1,TOT,NL,97,257,32,54,16,0,0,14,3,0,24,65,0,3,0,3,8
hoskirh01,2020,1,PHI,NL,111,408,95,100,24,0,27,70,3,0,78,116,0,14,0,0,11
hosmeer01,2020,1,SDP,NL,103,386,62,111,16,0,24,97,11,0,24,76,0,5,0,5,8
hudsojo03,2020,1,SEA,AL,24,46,0,8,0,0,0,0,0,0,5,14,0,0,3,0,0
huffsa01,2020,1,TEX,AL,27,84,14,30,8,0,8,11,0,0,5,30,0,0,0,0,0
iglesjo01,2020,1,BAL,AL,105,383,43,143,46,0,8,65,0,0,8,46,0,11,0,3,3
iglesra01,2020,1,CIN,NL,3,0,0,0,0,0,0,0,0,0,0,0,0,0,0,0,0
inciaen01,2020,1,ATL,NL,124,313,46,59,5,3,3,27,11,3,32,68,0,0,3,5,0
jacksal02,2020,1,ATL,NL,14,19,0,5,3,0,0,0,0,0,0,11,0,0,0,0,3
jankotr01,2020,1,CIN,NL,43,41,8,3,0,0,0,0,5,3,5,19,0,0,0,0,3
janseda01,2020,1,TOR,AL,116,324,49,59,8,0,16,54,0,0,57,84,0,5,8,3,3
jayjo02,2020,1,ARI,NL,49,135,14,22,3,0,3,11,0,0,8,32,0,3,0,8,0
jeffery01,2020,1,MIN,AL,70,149,14,41,0,0,8,19,0,0,14,51,0,5,0,0,0
jeffrje01,2020,1,CHC,NL,5,0,0,0,0,0,0,0,0,0,0,0,0,0,0,0,0
jimenel02,2020,1,CHW,AL,149,575,70,170,38,0,38,111,0,0,32,151,0,0,0,3,11
johnsda07,2020,1,CLE,AL,14,32,0,3,0,0,0,0,0,0,3,14,3,0,0,0,0
jonesja07,2020,1,DET,AL,81,262,51,70,24,0,14,38,3,3,19,92,0,8,0,3,3
jonesja08,2020,1,LAA,AL,8,19,5,8,0,0,0,3,0,0,0,5,0,0,0,0,0
jonesta01,2020,1,HOU,AL,19,57,8,11,3,0,3,8,0,0,3,19,0,0,0,0,5
josepca01,2020,1,TOR,AL,8,22,5,3,0,0,3,5,0,0,3,3,0,0,0,0,0
joycema01,2020,1,MIA,NL,124,343,43,86,11,0,5,38,3,0,54,111,0,0,0,3,8
judgeaa01,2020,1,NYY,AL,76,273,62,70,8,0,24,59,0,3,27,86,0,5,0,0,14
kelletr01,2020,1,PHI,NL,3,0,0,0,0,0,0,0,0,0,0,0,0,0,0,0,0
kellyca02,2020,1,ARI,NL,105,329,30,73,14,0,14,51,0,0,16,78,0,3,0,0,11
kempma01,2020,1,COL,NL,116,316,49,76,8,0,16,57,3,0,41,111,3,0,0,0,14
kempto01,2020,1,OAK,AL,132,251,41,62,14,0,0,11,8,3,41,38,0,8,3,5,0
kendrho01,2020,1,WSN,NL,68,246,30,68,11,0,5,38,0,0,19,46,5,0,0,5,11
keplema01,2020,1,MIN,AL,130,462,73,105,24,0,24,62,8,0,59,97,0,5,0,3,3
kieboca01,2020,1,WSN,NL,89,267,41,54,3,0,0,24,0,3,46,89,0,14,0,3,16
kiermke01,2020,1,TBR,AL,132,373,43,81,14,8,8,59,22,3,54,113,3,3,0,0,5
kimbrcr01,2020,1,CHC,NL,8,0,0,0,0,0,0,0,0,0,0,0,0,0,0,0,0
kineris01,2020,1,TEX,AL,157,570,76,159,11,8,8,27,22,14,38,86,0,5,0,3,16
kingesc01,2020,1,PHI,NL,97,305,32,49,14,0,8,16,0,0,24,95,0,3,3,0,3
kipnija01,2020,1,CHC,NL,119,308,35,73,22,3,8,43,3,0,49,111,0,3,0,5,3
kirkal01,2020,1,TOR,AL,24,65,11,24,5,0,3,8,0,0,3,11,0,0,0,0,0
knappan01,2020,1,PHI,NL,89,194,24,54,11,3,5,41,0,0,41,51,0,3,0,3,3
kniznan01,2020,1,STL,NL,22,43,3,11,3,0,0,11,0,0,0,14,0,0,0,3,5
kolarad01,2020,1,LAD,NL,3,0,0,0,0,0,0,0,0,0,0,0,0,0,0,0,0
kratzer01,2020,1,NYY,AL,43,76,5,24,5,0,0,11,0,0,5,16,0,0,0,0,0
lasteto01,2020,1,TOT,AL,149,529,84,149,38,5,14,68,3,0,73,32,0,5,3,5,16
lagarju01,2020,1,NYM,NL,5,0,0,0,0,0,0,0,0,0,0,0,0,0,0,0,0
lakintr01,2020,1,BAL,AL,3,0,3,0,0,0,0,0,0,0,0,0,0,0,0,0,0
lambja01,2020,1,TOT,MLB,84,238,19,46,14,0,8,27,0,3,22,68,0,8,0,0,3
laurera01,2020,1,OAK,AL,146,494,73,105,22,3,16,68,5,3,65,157,0,32,0,8,19
lavarry01,2020,1,MIA,NL,14,30,0,11,0,0,0,0,0,0,0,5,0,0,0,0,0
lemahdj01,2020,1,NYY,AL,135,527,111,192,27,5,27,73,8,0,49,57,0,5,0,3,8
leonsa01,2020,1,CLE,AL,68,178,11,24,3,0,5,11,0,0,38,57,0,3,0,0,5
lewisky01,2020,1,SEA,AL,157,556,100,146,8,0,30,76,14,3,92,192,0,0,0,5,14
lintz02,2020,1,BOS,AL,70,140,5,22,3,0,0,8,0,0,5,46,0,0,5,3,3
lindofr01,2020,1,CLE,AL,162,637,81,165,35,0,22,73,16,5,65,111,5,11,0,5,22
locasti01,2020,1,ARI,NL,89,186,41,54,11,3,5,19,11,0,22,38,0,11,3,0,0
longsh01,2020,1,SEA,AL,92,316,27,54,14,0,8,24,11,0,30,100,0,0,0,0,3
longoev01,2020,1,SFG,NL,143,521,70,132,27,3,19,76,0,3,30,105,0,5,0,8,27
lopesti01,2020,1,SEA,AL,124,386,43,92,32,0,5,41,14,0,16,92,0,5,0,0,5
lopezni01,2020,1,KCR,AL,151,456,41,92,22,0,3,35,0,14,49,111,0,5,8,0,3
lorenmi01,2020,1,CIN,NL,16,0,5,0,0,0,0,0,0,0,0,0,0,3,0,0,0
lowebr01,2020,1,TBR,AL,151,521,97,140,24,5,38,100,8,0,68,157,0,11,0,5,5
lowena01,2020,1,TBR,AL,57,181,27,41,5,0,11,30,3,0,24,76,5,0,0,0,5
lucrojo01,2020,1,BOS,AL,3,0,0,0,0,0,0,0,0,0,0,0,0,0,0,0,0
lugoda01,2020,1,DET,AL,24,27,8,5,0,0,0,3,0,0,3,3,0,0,0,0,3
luplojo01,2020,1,CLE,AL,78,211,22,41,14,3,5,22,0,3,32,51,0,3,0,3,8
luxga01,2020,1,LAD,NL,51,170,22,30,5,0,8,22,3,0,16,51,0,0,0,0,0
machama01,2020,1,SDP,NL,162,605,119,184,32,3,43,127,16,8,70,100,11,0,0,11,24
machivi01,2020,1,OAK,AL,65,170,30,35,5,0,0,0,0,0,22,27,0,0,0,0,11
madrini01,2020,1,CHW,AL,78,278,22,95,8,0,0,30,5,3,11,19,0,5,0,0,14
maldoma01,2020,1,HOU,AL,127,365,51,78,11,0,16,65,3,0,73,138,0,3,5,0,5
marchra01,2020,1,PHI,NL,8,22,8,11,0,0,3,8,0,0,3,5,0,0,0,0,0
margoma01,2020,1,TBR,AL,127,392,51,105,24,0,3,30,32,11,35,68,0,0,0,3,0
marisja01,2020,1,NYM,NL,43,89,11,30,8,0,5,14,0,0,3,27,0,0,0,0,0
markani01,2020,1,ATL,NL,100,351,41,89,41,0,3,41,0,3,27,62,0,3,0,0,14
marmojo01,2020,1,SEA,AL,95,289,32,59,11,0,16,49,0,3,19,86,0,3,0,0,5
marteke01,2020,1,ARI,NL,122,489,51,140,38,3,5,46,3,0,19,57,0,11,0,8,5
martest01,2020,1,TOT,NL,165,616,97,173,38,3,16,73,27,5,32,111,3,24,0,3,14
martija03,2020,1,PIT,NL,19,24,5,0,0,0,0,0,0,0,5,11,0,0,0,0,0
martijd02,2020,1,BOS,AL,146,570,59,122,43,0,19,73,3,0,59,159,8,5,0,5,16
martijo08,2020,1,TOT,MLB,92,238,27,43,11,0,5,27,0,0,27,73,3,0,0,0,16
mateojo01,2020,1,SDP,NL,59,70,11,11,8,0,0,5,3,0,3,30,0,0,3,0,3
mathima01,2020,1,MIL,NL,43,97,5,27,8,0,0,11,3,0,0,19,0,0,0,0,0
mathije01,2020,1,TEX,AL,65,167,16,27,3,3,8,24,3,0,14,65,0,0,0,3,0
mathiwy01,2020,1,ARI,NL,24,73,14,16,0,0,5,14,0,0,14,32,0,3,0,0,0
maybica01,2020,1,TOT,MLB,86,251,22,62,22,3,3,19,8,0,19,68,0,3,0,0,11
mayfija01,2020,1,HOU,AL,57,113,14,22,3,0,0,8,0,0,5,38,0,3,3,3,3
mazarno01,2020,1,CHW,AL,113,367,35,84,16,0,3,41,0,3,27,119,0,8,0,0,0
mcbrory01,2020,1,KCR,AL,97,219,22,54,8,0,16,27,0,0,11,81,0,0,0,0,5
mccanja02,2020,1,CHW,AL,84,262,54,76,8,0,19,41,3,3,22,81,0,11,0,5,5
mccarjo04,2020,1,SFG,NL,11,27,0,0,0,0,0,0,0,0,0,14,0,0,0,0,0
mccutan01,2020,1,PHI,NL,154,586,86,149,24,0,27,92,11,0,59,130,0,3,0,3,11
mcguire01,2020,1,TOR,AL,51,111,5,8,0,0,3,3,0,0,0,30,0,0,11,0,3
mckinbi01,2020,1,TOR,AL,5,8,3,5,0,0,0,0,0,0,0,0,0,0,0,0,0
mckinza01,2020,1,LAD,NL,11,19,3,5,3,0,0,0,0,0,0,8,0,0,0,0,3
mcmahry01,2020,1,COL,NL,140,464,62,100,16,3,24,70,0,3,49,178,0,5,0,3,11
mcneije01,2020,1,NYM,NL,140,494,51,154,38,0,11,62,0,5,54,65,5,8,0,8,8
meadoau01,2020,1,TBR,AL,97,356,51,73,22,3,11,35,5,3,46,135,0,3,0,5,0
mejiaer01,2020,1,KCR,AL,22,38,3,3,3,0,0,0,3,0,0,19,0,0,3,0,0
mejiafr01,2020,1,SDP,NL,46,105,14,8,3,0,3,5,0,0,3,24,0,5,0,0,3
melanma01,2020,1,ATL,NL,3,0,0,0,0,0,0,0,0,0,0,0,0,0,0,0,0
mendida01,2020,1,CHW,AL,89,289,30,70,11,3,8,16,0,3,16,68,0,0,0,3,8
mercaos01,2020,1,CLE,AL,97,232,16,30,3,0,3,16,8,0,14,73,0,0,3,3,0
merceye01,2020,1,CHW,AL,3,3,0,0,0,0,0,0,0,0,0,0,0,0,0,0,0
mercejo03,2020,1,TOT,AL,24,54,5,11,0,0,0,0,0,0,5,5,0,0,0,0,3
merriwh01,2020,1,KCR,AL,162,670,103,189,32,0,24,81,32,8,32,89,0,11,0,3,8
millebr02,2020,1,STL,NL,130,383,57,89,22,3,19,68,3,0,68,124,3,8,0,3,5
milleia01,2020,1,CHC,NL,3,0,0,0,0,0,0,0,0,0,0,0,0,0,0,0,0
millsal02,2020,1,CHC,NL,3,3,0,0,0,0,0,0,0,0,0,3,0,0,0,0,0
molinya01,2020,1,STL,NL,113,392,32,103,5,0,11,43,0,0,16,57,0,8,3,3,19
moncayo01,2020,1,CHW,AL,140,540,76,122,22,8,16,65,0,0,76,194,0,3,0,5,3
mondera02,2020,1,KCR,AL,159,591,89,151,30,8,16,59,65,22,30,189,0,3,5,0,11
moniami01,2020,1,PHI,NL,22,38,8,8,0,0,0,0,0,0,11,16,0,0,0,0,0
mooredy01,2020,1,SEA,AL,103,370,70,95,24,0,22,46,32,14,38,116,0,22,0,0,11
moranco01,2020,1,PIT,NL,140,481,76,119,27,0,27,62,0,0,51,140,0,5,0,3,24
morelmi01,2020,1,TOT,MLB,113,367,59,97,24,0,27,78,0,0,41,86,5,3,0,0,0
morrilo01,2020,1,MIL,NL,24,68,8,8,3,0,3,5,0,0,8,22,0,0,0,0,0
mountry01,2020,1,BAL,AL,95,340,32,113,14,0,14,62,0,3,30,81,0,3,0,5,5
moustmi01,2020,1,CIN,NL,119,375,35,86,24,0,22,73,3,0,49,97,3,11,0,5,14
mullice01,2020,1,BAL,AL,130,378,43,103,11,8,8,32,19,5,22,100,0,3,11,0,0
muncyma01,2020,1,LAD,NL,157,548,97,105,11,0,32,73,3,0,105,162,5,11,0,5,8
munozya01,2020,1,BOS,AL,32,122,16,41,14,0,3,11,5,0,0,30,0,0,0,0,3
murphda08,2020,1,COL,NL,108,332,27,78,8,0,8,43,0,0,19,57,5,0,0,3,8
murphjr01,2020,1,PIT,NL,68,157,16,27,5,0,0,5,0,0,11,76,0,0,3,0,3
murphse01,2020,1,OAK,AL,116,313,57,73,14,0,19,38,0,0,65,100,0,0,0,0,16
myerswi01,2020,1,SDP,NL,149,535,92,154,38,5,41,108,5,3,49,151,0,5,0,0,0
naquity01,2020,1,CLE,AL,108,359,41,78,22,3,11,54,0,3,14,108,0,3,0,5,8
narvaom01,2020,1,MIL,NL,108,292,22,51,11,0,5,27,0,0,43,105,0,5,0,0,3
navarbr01,2020,1,MIA,NL,5,14,0,5,0,0,0,0,0,0,0,3,0,0,0,0,0
naylojo01,2020,1,TOT,MLB,108,262,35,65,8,3,3,16,3,0,14,32,0,3,0,0,5
nerishe01,2020,1,PHI,NL,3,0,0,0,0,0,0,0,0,0,0,0,0,0,0,0,0
newmake01,2020,1,PIT,NL,119,421,32,95,14,0,3,27,0,3,32,57,0,3,3,5,3
nidoto01,2020,1,NYM,NL,19,65,11,19,3,0,5,16,0,0,5,16,0,0,0,0,5
nimmobr01,2020,1,NYM,NL,149,502,89,140,22,8,22,49,3,5,89,116,0,16,0,0,3
nogowjo01,2020,1,STL,NL,3,11,0,3,0,0,0,0,0,0,0,3,0,0,0,0,0
nolaaa01,2020,1,PHI,NL,3,0,0,0,0,0,0,0,0,0,0,0,0,0,0,0,0
nolaau01,2020,1,TOT,MLB,130,435,65,119,24,3,19,76,0,0,49,92,3,8,0,5,8
nollja01,2020,1,WSN,NL,19,46,5,16,3,0,0,0,0,0,0,11,0,0,0,0,3
nottija01,2020,1,MIL,NL,54,130,22,24,3,0,11,35,0,0,14,54,0,3,0,0,3
nunezed02,2020,1,NYM,NL,5,5,0,3,0,0,0,0,3,0,0,0,0,0,0,0,0
nunezre01,2020,1,BAL,AL,140,527,78,135,27,0,32,84,0,0,46,173,0,8,0,3,11
ogradbr01,2020,1,TBR,AL,5,14,5,5,3,0,0,0,3,0,0,3,0,0,0,0,0
ohearry01,2020,1,KCR,AL,113,305,19,59,16,0,5,49,0,0,49,100,5,0,0,3,14
oneilty01,2020,1,STL,NL,135,375,54,65,14,0,19,51,8,3,41,116,0,5,0,3,8
odomjo01,2020,1,SEA,AL,49,105,5,14,0,0,0,5,0,0,11,54,0,0,3,0,3
odorro01,2020,1,TEX,AL,103,373,41,62,11,0,27,81,0,3,19,127,0,3,0,5,5
ohtansh01,2020,1,LAA,AL,119,413,62,78,16,0,19,65,19,3,59,135,0,0,0,0,8
olivaja01,2020,1,PIT,NL,16,43,0,8,0,0,0,0,3,0,0,16,0,0,0,0,0
olivaed02,2020,1,TOT,MLB,84,259,24,62,5,3,8,27,0,5,11,68,0,0,0,3,3
olsonma02,2020,1,OAK,AL,162,567,76,111,11,3,38,113,3,0,92,208,5,3,0,0,5
onajo01,2020,1,SDP,NL,14,32,8,8,3,0,3,5,0,0,5,19,0,3,0,0,0
orfna01,2020,1,OAK,AL,16,19,3,0,0,0,0,0,0,0,0,3,0,0,0,0,0
osunajo01,2020,1,PIT,NL,70,211,16,43,8,0,11,30,0,3,11,43,0,0,0,0,3
owingch01,2020,1,COL,NL,46,111,24,30,3,0,5,14,3,0,8,30,0,0,0,0,0
ozunama01,2020,1,ATL,NL,162,616,103,208,38,0,49,151,0,0,103,162,8,0,0,3,8
pachecr01,2020,1,ATL,NL,5,11,0,3,0,0,0,0,0,0,0,5,0,0,0,0,0
paganem01,2020,1,SDP,NL,3,0,0,0,0,0,0,0,0,0,0,0,0,0,0,0,0
panikjo01,2020,1,TOR,AL,111,324,49,73,16,0,3,19,0,0,54,73,0,3,0,0,11
paredis01,2020,1,DET,AL,92,270,19,59,11,0,3,16,0,0,22,65,0,0,0,0,3
parkebl01,2020,1,PHI,NL,3,0,0,0,0,0,0,0,0,0,0,0,0,0,0,0,0
paytoma01,2020,1,CIN,NL,22,49,0,8,3,0,0,0,3,0,5,14,0,0,0,0,3
pederjo01,2020,1,LAD,NL,116,327,57,62,11,0,19,43,3,0,30,92,0,14,0,0,14
pencehu01,2020,1,SFG,NL,46,140,11,14,0,3,5,16,0,0,8,41,0,3,0,0,8
peralda01,2020,1,ARI,NL,146,548,51,165,27,3,14,92,3,0,35,122,0,0,0,5,11
perazjo01,2020,1,BOS,AL,92,300,35,68,22,3,3,22,3,3,14,49,0,8,0,3,8
perezhe01,2020,1,CHC,NL,8,16,0,3,0,0,0,0,0,0,0,5,0,0,0,0,0
perezmi03,2020,1,TBR,AL,103,227,19,38,8,0,3,35,0,0,19,73,0,3,0,3,8
perezro02,2020,1,CLE,AL,86,262,16,43,5,0,3,14,0,0,30,103,0,5,0,0,5
perezsa02,2020,1,KCR,AL,100,405,59,135,32,0,30,86,3,0,8,97,0,5,0,3,0
peterja01,2020,1,MIL,NL,70,122,16,24,3,0,5,14,3,0,41,54,0,0,0,3,0
phamth01,2020,1,SDP,NL,84,294,35,62,5,0,8,32,16,0,41,73,0,3,0,0,5
phegljo01,2020,1,CHC,NL,30,43,11,3,0,0,3,5,0,0,3,8,0,3,0,0,0
phelpda01,2020,1,TOT,NL,3,0,0,0,0,0,0,0,0,0,0,0,0,0,0,0,0
phillbr02,2020,1,TOT,AL,95,138,27,27,0,5,5,14,16,3,22,41,0,0,0,0,0
pillake01,2020,1,TOT,MLB,146,562,92,162,32,8,16,70,14,5,35,111,3,5,0,0,11
pillake01,2020,1,COL,NL,65,246,38,76,14,3,5,35,11,3,14,49,3,3,0,0,0
pinama01,2020,1,MIL,NL,41,105,11,24,3,0,5,14,0,0,8,30,0,8,0,0,0
pindech01,2020,1,OAK,AL,65,151,22,35,8,0,5,22,0,0,14,35,0,0,0,0,8
piscost01,2020,1,OAK,AL,122,429,46,97,16,0,14,78,11,0,24,143,0,3,3,3,11
plaweke01,2020,1,BOS,AL,65,221,22,76,14,3,3,46,3,0,14,38,0,5,0,0,11
plutkad01,2020,1,CLE,AL,3,0,0,0,0,0,0,0,0,0,0,0,0,0,0,0,0
polangr01,2020,1,PIT,NL,135,424,32,65,16,0,19,59,8,3,35,176,0,0,0,8,3
polanjo01,2020,1,MIN,AL,149,564,59,146,22,0,11,51,11,5,35,95,0,3,5,3,19
polloaj01,2020,1,LAD,NL,149,529,81,146,24,0,43,92,5,5,32,122,3,0,0,5,16
profaju01,2020,1,SDP,NL,151,486,76,135,16,0,19,68,19,3,41,76,0,11,3,5,3
puellce01,2020,1,BOS,AL,14,22,3,8,0,0,0,0,0,0,5,5,0,0,3,0,0
pujolal01,2020,1,LAA,AL,105,410,41,92,22,0,16,68,0,0,24,68,3,3,0,3,11
quinnro01,2020,1,PHI,NL,111,292,38,62,8,3,5,19,32,0,14,105,0,5,3,0,0
ramirha02,2020,1,MIA,NL,8,27,5,5,0,0,0,3,0,3,3,5,0,0,0,0,0
ramirjo01,2020,1,CLE,AL,157,591,122,173,43,3,46,124,27,8,84,116,0,8,0,3,5
ramoswi01,2020,1,NYM,NL,122,383,35,92,16,0,14,41,0,0,27,84,0,5,0,3,14
ravelra01,2020,1,STL,NL,35,95,14,16,3,0,3,16,0,0,11,16,0,0,0,5,0
realmjt01,2020,1,PHI,NL,127,467,89,124,16,0,30,86,11,3,43,130,0,16,0,0,8
reddijo01,2020,1,HOU,AL,151,508,59,124,30,3,11,62,3,0,54,113,0,0,0,3,14
refsnro01,2020,1,TEX,AL,41,81,11,16,3,0,0,3,0,0,5,30,0,3,0,3,0
rendoan01,2020,1,LAA,AL,140,510,78,146,30,3,24,84,0,0,103,84,5,14,0,0,27
renfrhu01,2020,1,TBR,AL,113,329,49,51,14,0,22,59,5,0,38,100,0,5,0,3,8
rengilu01,2020,1,LAA,AL,89,243,32,38,3,0,3,8,8,3,38,70,0,0,5,0,5
reyesfr01,2020,1,CLE,AL,159,570,73,157,27,0,24,92,0,0,65,186,0,3,0,14,16
reyesvi01,2020,1,DET,AL,154,545,81,151,19,5,11,38,22,5,24,122,0,5,0,0,11
reynobr01,2020,1,PIT,NL,149,500,65,95,16,5,19,51,3,3,57,154,0,3,0,0,5
reynoma03,2020,1,KCR,AL,8,30,3,0,0,0,0,0,0,0,0,19,0,0,0,0,0
rickajo01,2020,1,SFG,NL,11,14,3,0,0,0,0,0,0,0,3,3,0,0,0,0,0
riddljt01,2020,1,PIT,NL,62,181,22,27,5,0,3,3,3,0,5,35,0,0,0,0,0
rileyau01,2020,1,ATL,NL,138,508,65,122,19,3,22,73,0,0,43,132,3,3,0,3,14
riosed01,2020,1,LAD,NL,86,205,35,51,16,0,22,46,0,0,11,49,0,5,0,3,5
riverre01,2020,1,NYM,NL,5,11,0,3,0,0,0,0,0,0,0,8,0,0,0,0,0
riverya01,2020,1,TEX,AL,11,14,0,0,0,0,0,0,3,0,0,3,0,0,0,0,0
rizzoan01,2020,1,CHC,NL,157,548,70,122,16,0,30,65,8,3,76,103,11,27,0,5,16
roberlu01,2020,1,CHW,AL,151,545,89,127,22,0,30,84,24,5,54,197,0,3,0,5,11
roberda10,2020,1,SFG,NL,35,57,11,19,0,0,0,5,0,0,8,16,0,0,0,0,0
roblevi01,2020,1,WSN,NL,140,454,54,100,14,3,8,41,11,3,24,143,0,24,3,5,0
rodgebr02,2020,1,COL,NL,19,57,3,5,3,0,0,5,0,0,0,16,0,0,0,0,0
rodrise01,2020,1,MIA,NL,11,35,0,5,0,0,0,0,0,0,0,16,0,0,0,0,0
rojasjo01,2020,1,ARI,NL,46,165,24,30,0,0,0,5,3,3,19,43,0,0,0,5,3
rojasmi02,2020,1,MIA,NL,108,338,54,103,27,3,11,54,14,3,43,49,5,5,0,0,3
rominan01,2020,1,TEX,AL,5,11,3,3,3,0,0,0,0,0,0,3,0,0,0,0,0
rominau01,2020,1,DET,AL,100,351,32,84,14,0,5,46,0,0,11,127,0,0,0,3,8
rookebr01,2020,1,MIN,AL,19,51,11,16,5,0,3,14,0,0,0,14,0,5,0,0,0
rosaram01,2020,1,NYM,NL,124,386,54,97,8,3,11,41,0,3,11,92,0,0,0,0,14
rosared01,2020,1,MIN,AL,154,567,84,146,19,0,35,113,8,3,51,92,5,0,0,5,8
rosentr01,2020,1,TOT,MLB,5,0,0,0,0,0,0,0,0,0,0,0,0,0,0,0,0
rufda01,2020,1,SFG,NL,108,235,30,65,16,0,14,49,3,0,35,62,0,0,0,0,3
ruizjo01,2020,1,CHW,AL,3,0,0,0,0,0,0,0,0,0,0,0,0,0,0,0,0
ruizke01,2020,1,LAD,NL,5,22,3,5,0,0,3,3,0,0,0,8,0,0,0,0,0
ruizri01,2020,1,BAL,AL,146,500,68,111,30,0,24,86,3,5,46,124,3,0,3,3,11
sanchal04,2020,1,NYM,NL,14,24,0,3,0,0,0,0,0,0,3,8,0,0,0,0,5
sanchga02,2020,1,NYY,AL,132,421,51,62,11,0,27,65,0,0,49,173,0,11,0,0,16
sanchje02,2020,1,MIA,NL,27,68,3,3,3,0,0,5,0,0,11,30,0,0,0,0,3
sanchca01,2020,1,CHW,AL,30,43,19,14,8,0,3,3,0,0,14,14,0,0,0,0,3
sandopa01,2020,1,TOT,NL,92,227,14,49,3,0,3,16,0,0,22,51,0,3,0,3,8
sandopa01,2020,1,SFG,NL,89,221,14,49,3,0,3,16,0,0,16,49,0,3,0,3,8
sandopa01,2020,1,ATL,NL,3,5,0,0,0,0,0,0,0,0,5,3,0,0,0,0,0
sanomi01,2020,1,MIN,AL,143,502,84,103,32,0,35,68,0,0,49,243,3,3,0,0,8
santaca01,2020,1,CLE,AL,162,556,92,111,19,0,22,81,0,0,127,116,3,3,0,3,14
santada01,2020,1,TEX,AL,41,149,16,22,11,0,3,19,5,0,19,65,0,0,0,3,3
santado01,2020,1,CLE,AL,65,189,16,30,8,0,5,32,0,0,35,68,0,3,0,0,5
santaan02,2020,1,BAL,AL,100,413,65,108,35,3,30,86,0,3,27,68,8,5,0,0,5
schebsc01,2020,1,ATL,NL,3,3,0,0,0,0,0,0,0,0,0,0,0,0,0,0,0
schoojo01,2020,1,DET,AL,119,437,70,122,11,5,22,62,0,0,22,105,0,11,0,5,22
schroma01,2020,1,STL,NL,30,46,3,8,0,0,3,3,0,0,0,16,0,0,0,0,0
schwaky01,2020,1,CHC,NL,159,516,81,97,16,0,30,65,3,0,81,178,3,8,0,0,8
seageco01,2020,1,LAD,NL,140,572,103,176,32,3,41,111,3,0,46,100,0,3,0,5,22
seageky01,2020,1,SEA,AL,162,548,95,132,32,0,24,108,14,0,86,89,8,19,0,16,11
segurje01,2020,1,PHI,NL,146,518,76,138,14,5,19,68,5,5,62,122,5,3,3,0,16
semiema01,2020,1,OAK,AL,143,570,76,127,24,3,19,62,11,0,68,135,0,0,0,0,8
senzeni01,2020,1,CIN,NL,62,189,22,35,16,0,5,22,5,3,16,41,0,0,0,3,5
severpe01,2020,1,BAL,AL,130,432,46,108,14,3,14,57,3,0,43,108,0,3,3,0,8
shawtr01,2020,1,TOR,AL,135,440,46,105,27,0,16,46,0,0,43,135,0,0,0,3,11
sierrma01,2020,1,MIA,NL,51,119,22,30,8,3,0,19,11,3,14,24,0,3,5,3,0
simmoan01,2020,1,LAA,AL,81,319,51,95,19,0,0,27,5,0,22,43,0,3,0,0,14
siscoch01,2020,1,BAL,AL,97,265,30,57,11,0,11,27,0,0,46,111,0,16,0,0,3
slateau01,2020,1,SFG,NL,84,230,49,65,5,3,14,19,22,3,43,59,0,5,3,0,5
smithdo02,2020,1,NYM,NL,135,478,73,151,57,3,27,113,0,0,38,122,0,14,0,8,5
smithdw02,2020,1,BAL,AL,57,170,24,38,8,0,5,16,3,0,19,51,3,3,0,3,3
smithke04,2020,1,TBR,AL,46,84,8,22,8,0,3,22,0,0,14,30,0,3,0,0,3
smithma05,2020,1,SEA,AL,38,122,5,16,5,0,0,8,5,0,5,35,0,0,0,0,3
smithpa04,2020,1,ARI,NL,32,100,19,27,0,3,3,11,3,0,14,22,0,0,0,5,0
smithwi05,2020,1,LAD,NL,100,308,62,89,24,0,22,68,0,0,54,59,3,5,0,3,5
smoakju01,2020,1,TOT,NL,97,321,38,57,19,0,14,41,0,0,27,113,0,5,0,3,11
sogarer01,2020,1,MIL,NL,116,311,27,65,14,0,3,27,0,0,30,54,0,3,0,3,3
solakni01,2020,1,TEX,AL,157,564,73,151,27,0,5,62,19,3,49,113,0,5,0,11,16
solando01,2020,1,SFG,NL,146,513,59,167,41,3,8,78,0,0,27,105,0,5,0,3,5
solerjo01,2020,1,KCR,AL,116,402,46,92,22,0,22,65,0,0,51,162,0,8,0,3,8
sotoel01,2020,1,LAA,AL,8,16,5,5,3,0,0,0,0,0,3,3,0,0,0,0,0
sotoju01,2020,1,WSN,NL,127,416,105,146,38,0,35,100,16,5,111,76,32,3,0,0,3
souzast01,2020,1,CHC,NL,30,73,8,11,5,0,3,14,3,0,11,41,0,0,0,0,0
springe01,2020,1,HOU,AL,138,510,100,135,16,5,38,86,3,5,65,103,0,14,0,5,8
stallja01,2020,1,PIT,NL,113,338,35,84,19,0,8,49,0,0,41,108,0,0,5,3,5
stantmi03,2020,1,NYY,AL,62,205,32,51,19,0,11,30,3,3,41,73,3,5,0,0,11
starlbu01,2020,1,KCR,AL,95,159,14,27,3,0,3,14,0,0,11,73,0,0,0,3,0
stassma01,2020,1,LAA,AL,84,243,32,68,5,0,19,54,0,0,30,57,0,3,0,8,14
stephty01,2020,1,CIN,NL,22,46,11,14,0,0,5,16,0,0,5,24,0,3,0,0,0
stevean01,2020,1,WSN,NL,41,111,30,41,19,3,5,32,5,0,14,30,0,3,0,0,0
stewach02,2020,1,DET,AL,97,243,16,41,8,0,8,24,0,0,14,81,0,5,0,3,5
stewadj01,2020,1,BAL,AL,84,238,35,46,5,0,19,41,0,0,54,103,0,5,5,0,0
storytr01,2020,1,COL,NL,159,635,111,184,35,11,30,76,41,8,65,170,3,0,0,0,14
strahma01,2020,1,SDP,NL,3,0,0,0,0,0,0,0,0,0,0,0,0,0,0,0,0
gordode01,2020,1,SEA,AL,89,203,32,41,3,0,0,8,8,5,14,35,0,5,0,0,3
strawmy01,2020,1,HOU,AL,89,221,22,46,11,0,0,22,16,5,11,59,0,0,0,0,0
stubbga01,2020,1,HOU,AL,38,22,3,3,0,0,0,3,0,3,0,0,0,0,3,3,0
suareeu01,2020,1,CIN,NL,154,535,78,108,22,0,41,103,5,0,81,181,3,5,0,3,14
susacan01,2020,1,PIT,NL,3,5,0,0,0,0,0,0,0,0,5,0,0,0,0,0,0
suzukku01,2020,1,WSN,NL,89,300,41,81,22,0,5,46,3,0,30,51,0,11,0,8,11
swansda01,2020,1,ATL,NL,162,640,132,176,41,0,27,95,14,0,59,192,0,11,0,3,0
tapiara01,2020,1,COL,NL,138,497,70,159,22,5,3,46,22,5,38,103,0,5,3,8,8
tatisfe02,2020,1,SDP,NL,159,605,135,167,30,5,46,122,30,8,73,165,3,14,0,3,16
tauchmi01,2020,1,NYY,AL,116,257,49,62,16,0,0,38,16,0,38,70,8,3,0,3,8
taverle01,2020,1,TEX,AL,89,321,54,73,16,3,11,16,22,0,38,116,0,0,3,0,0
taylobe11,2020,1,CLE,AL,19,57,3,3,0,0,0,5,0,0,5,24,0,0,3,0,0
tayloch03,2020,1,LAD,NL,151,500,81,135,27,5,22,86,8,5,70,149,0,5,3,0,8
taylomi02,2020,1,WSN,NL,103,248,30,49,16,0,14,43,0,0,16,73,0,3,0,0,5
tayloty01,2020,1,MIL,NL,59,103,16,24,11,0,5,16,0,0,5,22,0,3,0,0,3
tejedan01,2020,1,TEX,AL,62,203,19,51,11,3,8,22,11,3,5,81,0,0,0,0,5
tellero01,2020,1,TOR,AL,95,305,54,86,14,0,22,62,0,3,30,54,3,3,0,5,3
thaisma01,2020,1,LAA,AL,22,57,8,8,0,0,3,3,0,0,11,22,0,0,0,0,3
thameer01,2020,1,WSN,NL,111,332,27,68,14,0,8,32,3,0,38,113,3,8,0,0,5
thomala02,2020,1,STL,NL,49,97,14,11,5,0,3,5,0,0,11,35,0,0,0,0,3
toroab01,2020,1,HOU,AL,89,235,35,35,5,0,8,24,3,3,8,62,0,19,0,0,3
torrelu01,2020,1,TOT,MLB,68,189,14,49,14,0,3,16,0,0,19,41,0,0,3,0,3
torregl01,2020,1,NYY,AL,113,367,46,89,22,0,8,43,3,0,59,76,0,5,0,0,14
torrero01,2020,1,PHI,NL,11,19,3,3,3,0,0,0,0,0,0,0,0,0,0,0,3
trevijo01,2020,1,TEX,AL,65,205,27,51,22,0,5,24,0,0,8,41,0,3,3,5,3
trompch01,2020,1,SFG,NL,65,165,30,35,3,0,11,27,0,0,3,54,0,0,0,5,8
troutmi01,2020,1,LAA,AL,143,537,111,151,24,5,46,124,3,3,95,151,11,8,0,11,3
tsutsyo01,2020,1,TBR,AL,138,424,73,84,14,3,22,65,0,0,70,135,3,3,0,3,14
tuckeco01,2020,1,PIT,NL,100,294,46,65,8,0,3,22,3,0,14,84,0,0,3,3,8
tuckeky01,2020,1,HOU,AL,157,564,89,151,32,16,24,113,22,3,49,124,5,0,0,3,5
turneju01,2020,1,LAD,NL,113,405,70,124,24,3,11,62,3,0,49,70,0,16,0,3,5
turnetr01,2020,1,WSN,NL,159,629,124,211,41,11,32,111,32,11,59,97,0,5,0,5,14
uptonju01,2020,1,LAA,AL,113,397,54,81,14,0,24,59,0,5,30,116,0,19,0,3,16
uriaslu01,2020,1,MIL,NL,111,294,30,70,11,3,0,30,5,5,27,86,0,3,0,0,11
uriasra01,2020,1,BAL,AL,27,68,8,24,5,0,3,8,0,0,5,16,0,0,0,0,3
urshegi01,2020,1,NYY,AL,116,408,65,122,30,0,16,81,3,0,49,68,0,3,0,11,16
valaipa01,2020,1,BAL,AL,140,381,65,105,11,0,22,43,0,5,22,92,0,0,3,0,8
valdece01,2020,1,BAL,AL,3,0,0,0,0,0,0,0,0,0,0,0,0,0,0,0,0
vanmejo01,2020,1,TOT,NL,70,189,24,24,8,0,5,16,3,0,19,65,0,5,0,0,0
vargail01,2020,1,TOT,MLB,65,138,16,27,3,3,3,8,0,0,5,27,0,0,0,3,5
vargail01,2020,1,TOT,NL,38,78,8,14,0,0,3,3,0,0,3,22,0,0,0,0,3
varshda01,2020,1,ARI,NL,100,273,43,51,14,5,8,24,8,3,32,89,0,5,0,0,3
vazquch01,2020,1,BOS,AL,127,467,59,132,24,0,19,62,11,8,43,116,0,0,0,0,16
velazan01,2020,1,BAL,AL,108,170,30,27,3,3,0,8,11,5,27,62,0,0,11,0,5
verdual01,2020,1,BOS,AL,143,543,97,167,43,0,16,41,11,0,46,122,3,5,0,3,11
villajo01,2020,1,TOT,MLB,140,500,35,116,14,0,5,41,43,14,51,146,3,0,3,5,5
vilorme01,2020,1,KCR,AL,41,57,3,11,3,0,0,0,0,0,5,24,0,3,0,0,0
vogelda01,2020,1,TOT,MLB,105,311,43,65,8,0,16,43,0,0,54,89,3,3,0,0,8
vogelda01,2020,1,TOT,AL,54,154,8,14,3,0,5,11,0,0,32,41,3,0,0,0,3
vogtst01,2020,1,ARI,NL,70,194,16,32,14,0,3,19,0,0,22,49,0,0,0,3,3
voitlu01,2020,1,NYY,AL,151,575,111,159,14,0,59,140,0,0,46,146,0,8,0,3,11
vottojo01,2020,1,CIN,NL,146,502,86,113,22,0,30,59,0,0,100,116,3,0,0,0,14
wadela01,2020,1,MIN,AL,43,105,8,24,8,0,0,3,3,3,11,24,0,3,0,0,0
wadety01,2020,1,NYY,AL,140,238,51,41,8,0,8,27,11,3,32,59,0,8,3,3,3
waldema01,2020,1,BOS,AL,3,0,0,0,0,0,0,0,0,0,0,0,0,0,0,0,0
walkech02,2020,1,ARI,NL,154,589,95,159,49,3,19,92,3,3,51,135,0,8,0,8,16
walkene01,2020,1,PHI,NL,49,105,14,24,8,0,0,8,0,0,3,35,0,0,0,3,0
wallach01,2020,1,MIA,NL,41,119,11,27,8,0,3,16,0,0,8,32,0,0,3,0,3
walshja01,2020,1,LAA,AL,86,267,51,78,11,5,24,70,0,0,14,41,0,3,0,8,0
waltodo01,2020,1,SEA,AL,14,35,0,5,3,0,0,8,0,3,3,14,0,0,0,0,3
wardta01,2020,1,LAA,AL,92,254,43,70,16,5,0,14,5,0,22,76,0,0,0,0,3
wendljo01,2020,1,TBR,AL,135,454,65,130,24,5,11,46,22,5,27,95,3,14,0,3,3
whiteel04,2020,1,TEX,AL,51,130,14,24,5,0,0,8,3,3,8,43,0,0,0,3,0
whiteev01,2020,1,SEA,AL,146,491,51,86,19,0,22,70,3,5,49,227,0,3,0,3,8
whiteaa01,2020,1,MIN,AL,8,3,3,0,0,0,0,0,0,0,0,0,0,0,0,0,0
wickro01,2020,1,CHC,NL,3,0,0,0,0,0,0,0,0,0,0,0,0,0,0,0,0
wietema01,2020,1,STL,NL,51,95,8,19,3,0,0,11,0,0,8,27,0,5,3,0,3
williju02,2020,1,STL,NL,8,14,0,3,0,0,0,0,0,0,3,5,0,0,0,0,0
willima10,2020,1,BAL,AL,27,49,0,5,0,3,0,0,0,3,0,24,0,0,0,0,0
willita01,2020,1,TOT,MLB,3,0,0,0,0,0,0,0,0,0,0,0,0,0,0,0,0
winkeje01,2020,1,CIN,NL,146,402,73,103,19,0,32,62,3,0,76,124,0,14,0,3,8
winklda01,2020,1,CHC,NL,8,0,0,0,0,0,0,0,0,0,0,0,0,0,0,0,0
wisdopa01,2020,1,CHC,NL,5,5,0,0,0,0,0,0,0,0,0,0,0,0,0,0,0
wolteto01,2020,1,COL,NL,113,270,27,62,11,0,0,22,0,0,16,81,0,3,5,0,3
wongko01,2020,1,STL,NL,143,489,70,130,11,5,3,43,14,5,54,81,3,11,5,3,3
woodfja01,2020,1,STL,NL,3,0,0,0,0,0,0,0,0,0,0,0,0,0,0,0,0
yastrmi01,2020,1,SFG,NL,146,518,105,154,38,11,27,95,5,3,81,149,5,8,0,0,5
yelicch01,2020,1,MIL,NL,157,540,105,111,19,3,32,59,11,5,124,205,5,3,0,0,11
youngan02,2020,1,ARI,NL,32,70,8,14,5,0,3,11,0,0,14,27,0,8,0,0,0
zimmebr01,2020,1,CLE,AL,54,100,8,16,0,0,3,8,5,3,19,38,0,14,0,3,5
zuninmi01,2020,1,TBR,AL,76,203,22,30,11,0,11,27,0,0,16,100,0,8,0,0,0
